-- phpMyAdmin SQL Dump
-- version 4.9.0.1
-- https://www.phpmyadmin.net/
--
-- Host: localhost:3306
-- Generation Time: Dec 10, 2019 at 10:25 AM
-- Server version: 10.0.38-MariaDB
-- PHP Version: 7.3.6

SET SQL_MODE = "NO_AUTO_VALUE_ON_ZERO";
SET AUTOCOMMIT = 0;
START TRANSACTION;
SET time_zone = "+00:00";


/*!40101 SET @OLD_CHARACTER_SET_CLIENT=@@CHARACTER_SET_CLIENT */;
/*!40101 SET @OLD_CHARACTER_SET_RESULTS=@@CHARACTER_SET_RESULTS */;
/*!40101 SET @OLD_COLLATION_CONNECTION=@@COLLATION_CONNECTION */;
/*!40101 SET NAMES utf8mb4 */;

--
-- Database: `mule7148_scop`
--

-- --------------------------------------------------------

--
-- Table structure for table `tbl_admin_kelas`
--

CREATE TABLE `tbl_admin_kelas` (
  `kelas_id` int(10) NOT NULL,
  `kelas_nama` varchar(50) NOT NULL,
  `kelas_nilai_x` varchar(50) NOT NULL,
  `kelas_nilai_y` varchar(50) NOT NULL,
  `kelas_created` datetime NOT NULL DEFAULT CURRENT_TIMESTAMP,
  `kelas_creator` varchar(50) NOT NULL,
  `kelas_updated` datetime NOT NULL DEFAULT CURRENT_TIMESTAMP ON UPDATE CURRENT_TIMESTAMP,
  `kelas_updater` varchar(50) NOT NULL
) ENGINE=InnoDB DEFAULT CHARSET=latin1;

--
-- Dumping data for table `tbl_admin_kelas`
--

INSERT INTO `tbl_admin_kelas` (`kelas_id`, `kelas_nama`, `kelas_nilai_x`, `kelas_nilai_y`, `kelas_created`, `kelas_creator`, `kelas_updated`, `kelas_updater`) VALUES
(1, 'Struktur Data', 'Nilai IPK', 'Nilai Algoritma dan Pemrograman', '2018-12-27 16:44:56', '', '2019-08-06 23:36:31', 'admin');

-- --------------------------------------------------------

--
-- Table structure for table `tbl_admin_kelas_users`
--

CREATE TABLE `tbl_admin_kelas_users` (
  `kelas_users_id` int(10) NOT NULL,
  `user_id` int(3) NOT NULL,
  `kelas_id` int(3) NOT NULL,
  `kelas_users_created` datetime NOT NULL DEFAULT CURRENT_TIMESTAMP,
  `kelas_users_creator` varchar(50) NOT NULL,
  `kelas_users_updated` datetime NOT NULL DEFAULT CURRENT_TIMESTAMP ON UPDATE CURRENT_TIMESTAMP,
  `kelas_users_updater` varchar(50) NOT NULL
) ENGINE=InnoDB DEFAULT CHARSET=latin1;

--
-- Dumping data for table `tbl_admin_kelas_users`
--

INSERT INTO `tbl_admin_kelas_users` (`kelas_users_id`, `user_id`, `kelas_id`, `kelas_users_created`, `kelas_users_creator`, `kelas_users_updated`, `kelas_users_updater`) VALUES
(1, 1, 1, '2018-12-27 10:08:00', '123456', '2019-01-03 14:08:22', '123456'),
(2, 2, 1, '2018-12-27 10:08:00', '123456', '2018-12-27 10:08:00', '123456'),
(3, 3, 1, '2018-12-27 10:08:00', '123456', '2018-12-27 10:08:00', '123456'),
(4, 4, 1, '2018-12-27 10:08:00', '123456', '2018-12-27 10:08:00', '123456'),
(5, 5, 1, '2018-12-27 10:08:00', '123456', '2018-12-27 10:08:00', '123456'),
(6, 6, 1, '2018-12-27 10:08:00', '123456', '2018-12-27 10:08:00', '123456'),
(7, 7, 1, '2018-12-27 10:08:00', '123456', '2018-12-27 10:08:00', '123456'),
(8, 8, 1, '2018-12-27 10:08:00', '123456', '2018-12-27 10:08:00', '123456'),
(9, 9, 1, '2018-12-27 10:08:00', '123456', '2018-12-27 10:08:00', '123456'),
(10, 10, 1, '2018-12-27 10:08:00', '123456', '2018-12-27 10:08:00', '123456'),
(11, 11, 1, '2018-12-27 10:08:00', '123456', '2018-12-27 10:08:00', '123456'),
(12, 12, 1, '2018-12-27 10:08:00', '123456', '2018-12-27 10:08:00', '123456'),
(13, 13, 1, '2018-12-27 10:08:00', '123456', '2018-12-27 10:08:00', '123456'),
(14, 14, 1, '2018-12-27 10:08:00', '123456', '2018-12-27 10:08:00', '123456'),
(15, 15, 1, '2018-12-27 10:08:00', '123456', '2018-12-27 10:08:00', '123456'),
(16, 16, 1, '2018-12-27 10:08:00', '123456', '2018-12-27 10:08:00', '123456'),
(17, 17, 1, '2018-12-27 10:08:00', '123456', '2018-12-27 10:08:00', '123456'),
(18, 18, 1, '2018-12-27 10:08:00', '123456', '2018-12-27 10:08:00', '123456'),
(19, 19, 1, '2018-12-27 10:08:00', '123456', '2018-12-27 10:08:00', '123456'),
(20, 20, 1, '2018-12-27 10:08:00', '123456', '2018-12-27 10:08:00', '123456'),
(21, 21, 1, '2018-12-27 10:08:00', '123456', '2018-12-27 10:08:00', '123456'),
(22, 22, 1, '2018-12-27 10:08:00', '123456', '2018-12-27 10:08:00', '123456'),
(23, 23, 1, '2018-12-27 10:08:00', '123456', '2018-12-27 10:08:00', '123456'),
(24, 24, 1, '2018-12-27 10:08:00', '123456', '2018-12-27 10:08:00', '123456'),
(25, 25, 1, '2018-12-27 10:08:00', '123456', '2018-12-27 10:08:00', '123456'),
(26, 26, 1, '2018-12-27 10:08:00', '123456', '2018-12-27 10:08:00', '123456'),
(27, 27, 1, '2018-12-27 10:08:00', '123456', '2018-12-27 10:08:00', '123456'),
(28, 28, 1, '2018-12-27 10:08:00', '123456', '2018-12-27 10:08:00', '123456'),
(29, 29, 1, '2018-12-27 10:08:00', '123456', '2018-12-27 10:08:00', '123456'),
(30, 30, 1, '2018-12-27 10:08:00', '123456', '2018-12-27 10:08:00', '123456'),
(31, 31, 1, '2018-12-27 10:08:00', '123456', '2018-12-27 10:08:00', '123456'),
(32, 32, 1, '2018-12-27 10:08:00', '123456', '2018-12-27 10:08:00', '123456'),
(33, 33, 1, '2018-12-27 10:08:00', '123456', '2018-12-27 10:08:00', '123456'),
(34, 34, 1, '2018-12-27 10:08:00', '123456', '2018-12-27 10:08:00', '123456'),
(35, 35, 1, '2018-12-27 10:08:00', '123456', '2018-12-27 10:08:00', '123456'),
(36, 36, 1, '2018-12-27 10:08:00', '123456', '2018-12-27 10:08:00', '123456'),
(37, 37, 1, '2018-12-27 10:08:00', '123456', '2018-12-27 10:08:00', '123456'),
(38, 38, 1, '2018-12-27 10:08:00', '123456', '2018-12-27 10:08:00', '123456'),
(39, 39, 1, '2018-12-27 10:08:00', '123456', '2018-12-27 10:08:00', '123456'),
(40, 40, 1, '2018-12-27 10:08:00', '123456', '2019-01-03 17:33:47', '123456');

-- --------------------------------------------------------

--
-- Table structure for table `tbl_admin_materi`
--

CREATE TABLE `tbl_admin_materi` (
  `materi_id` int(10) NOT NULL,
  `kelas_id` int(10) NOT NULL,
  `materi_topik` int(3) NOT NULL,
  `materi_nama` varchar(200) NOT NULL,
  `materi_linkvideo` varchar(200) DEFAULT NULL,
  `materi_file` varchar(200) DEFAULT NULL,
  `materi_created` datetime NOT NULL DEFAULT CURRENT_TIMESTAMP,
  `materi_creator` varchar(50) NOT NULL,
  `materi_updated` datetime NOT NULL,
  `materi_updater` varchar(50) NOT NULL
) ENGINE=InnoDB DEFAULT CHARSET=latin1;

--
-- Dumping data for table `tbl_admin_materi`
--

INSERT INTO `tbl_admin_materi` (`materi_id`, `kelas_id`, `materi_topik`, `materi_nama`, `materi_linkvideo`, `materi_file`, `materi_created`, `materi_creator`, `materi_updated`, `materi_updater`) VALUES
(3, 1, 1, 'Topik 1', '', 'TOPIK1.pdf', '2019-08-18 18:21:31', 'admin', '0000-00-00 00:00:00', 'admin'),
(4, 1, 2, 'Topik 2', '', 'TOPIK2.pdf', '2019-08-18 18:25:48', 'admin', '0000-00-00 00:00:00', ''),
(5, 1, 3, 'Topik 3', '', 'TOPIK3.pdf', '2019-08-18 18:26:10', 'admin', '0000-00-00 00:00:00', ''),
(6, 1, 4, 'Topik 4', '', 'TOPIK4.pdf', '2019-08-18 18:26:35', 'admin', '0000-00-00 00:00:00', '');

-- --------------------------------------------------------

--
-- Table structure for table `tbl_admin_nilai`
--

CREATE TABLE `tbl_admin_nilai` (
  `nilai_id` int(10) NOT NULL,
  `kelas_users_id` int(3) NOT NULL,
  `nilai_angka` double NOT NULL COMMENT 'Nilai Akhir',
  `nilai_makalah` int(3) NOT NULL,
  `nilai_presentasi` int(3) NOT NULL,
  `nilai_kelompok` int(3) NOT NULL,
  `nilai_individu` int(3) NOT NULL,
  `nilai_praktek` int(3) NOT NULL,
  `nilai_peningkatan` int(3) NOT NULL,
  `nilai_topik` int(3) NOT NULL,
  `nilai_created` datetime NOT NULL DEFAULT CURRENT_TIMESTAMP,
  `nilai_creator` varchar(50) NOT NULL,
  `nilai_updated` datetime NOT NULL DEFAULT CURRENT_TIMESTAMP ON UPDATE CURRENT_TIMESTAMP,
  `nilai_updater` varchar(50) NOT NULL
) ENGINE=InnoDB DEFAULT CHARSET=latin1;

--
-- Dumping data for table `tbl_admin_nilai`
--

INSERT INTO `tbl_admin_nilai` (`nilai_id`, `kelas_users_id`, `nilai_angka`, `nilai_makalah`, `nilai_presentasi`, `nilai_kelompok`, `nilai_individu`, `nilai_praktek`, `nilai_peningkatan`, `nilai_topik`, `nilai_created`, `nilai_creator`, `nilai_updated`, `nilai_updater`) VALUES
(1, 8, 73.52, 67, 91, 67, 91, 78, 65, 1, '2019-08-15 02:07:00', 'admin', '2019-08-15 20:28:50', 'admin'),
(2, 23, 74.42, 82, 76, 82, 76, 56, 80, 1, '2019-08-15 02:07:00', 'admin', '2019-08-15 03:59:17', 'admin'),
(3, 20, 75.3, 79, 79, 79, 79, 58, 78, 1, '2019-08-15 02:07:00', 'admin', '2019-08-15 03:59:17', 'admin'),
(4, 1, 78.14, 60, 98, 60, 98, 67, 100, 1, '2019-08-15 02:07:00', 'admin', '2019-08-16 00:57:01', 'admin'),
(5, 2, 69.98, 61, 97, 61, 97, 58, 76, 1, '2019-08-15 02:07:00', 'admin', '2019-08-15 03:59:17', 'admin'),
(6, 38, 83.72, 97, 61, 97, 61, 89, 85, 1, '2019-08-15 02:07:00', 'admin', '2019-08-15 03:59:17', 'admin'),
(7, 22, 78.68, 81, 77, 81, 77, 78, 65, 1, '2019-08-15 02:07:00', 'admin', '2019-08-15 03:59:18', 'admin'),
(8, 31, 83.54, 90, 68, 90, 68, 98, 74, 1, '2019-08-15 02:07:00', 'admin', '2019-08-15 03:59:18', 'admin'),
(9, 24, 78.46, 83, 75, 83, 75, 78, 60, 1, '2019-08-15 02:07:00', 'admin', '2019-08-15 03:59:18', 'admin'),
(10, 7, 65.68, 66, 92, 66, 92, 45, 55, 1, '2019-08-15 02:07:00', 'admin', '2019-08-15 03:59:18', 'admin'),
(11, 29, 76.56, 88, 70, 88, 70, 78, 73, 1, '2019-08-15 02:07:00', 'admin', '2019-08-15 03:59:18', 'admin'),
(12, 26, 78.34, 85, 73, 85, 73, 87, 74, 1, '2019-08-15 02:07:00', 'admin', '2019-08-15 03:59:18', 'admin'),
(13, 30, 78.8, 89, 69, 89, 69, 90, 65, 1, '2019-08-15 02:07:00', 'admin', '2019-08-15 03:59:18', 'admin'),
(14, 9, 81.26, 68, 90, 68, 90, 89, 100, 1, '2019-08-15 02:07:00', 'admin', '2019-08-15 03:59:18', 'admin'),
(15, 21, 79.14, 80, 78, 80, 78, 76, 78, 1, '2019-08-15 02:07:00', 'admin', '2019-08-15 03:59:18', 'admin'),
(16, 35, 77.8, 94, 64, 94, 64, 87, 65, 1, '2019-08-15 02:07:00', 'admin', '2019-08-15 03:59:18', 'admin'),
(17, 12, 75.28, 71, 87, 71, 87, 78, 85, 1, '2019-08-15 02:07:00', 'admin', '2019-08-15 03:59:18', 'admin'),
(18, 40, 80, 99, 59, 99, 59, 78, 75, 1, '2019-08-15 02:07:00', 'admin', '2019-08-15 03:59:18', 'admin'),
(19, 36, 74.74, 95, 63, 95, 63, 56, 90, 1, '2019-08-15 02:07:00', 'admin', '2019-08-15 03:59:18', 'admin'),
(20, 39, 78.24, 70, 88, 70, 88, 67, 95, 1, '2019-08-15 02:07:00', 'admin', '2019-08-15 03:59:18', 'admin'),
(21, 11, 75.96, 93, 65, 93, 65, 67, 65, 1, '2019-08-15 02:07:00', 'admin', '2019-08-15 03:59:18', 'admin'),
(22, 34, 83.38, 91, 67, 91, 67, 87, 90, 1, '2019-08-15 02:07:00', 'admin', '2019-08-15 03:59:18', 'admin'),
(23, 32, 81.72, 92, 66, 92, 66, 87, 85, 1, '2019-08-15 02:07:00', 'admin', '2019-08-15 03:59:18', 'admin'),
(24, 33, 83.56, 98, 60, 98, 60, 100, 65, 1, '2019-08-15 02:07:00', 'admin', '2019-08-15 03:59:18', 'admin'),
(25, 4, 73.96, 63, 95, 63, 95, 78, 45, 1, '2019-08-15 02:07:00', 'admin', '2019-08-15 03:59:18', 'admin'),
(26, 5, 81.4, 64, 94, 64, 94, 96, 67, 1, '2019-08-15 02:07:00', 'admin', '2019-08-15 03:59:18', 'admin'),
(27, 6, 80.84, 65, 93, 65, 93, 75, 89, 1, '2019-08-15 02:07:00', 'admin', '2019-08-15 03:59:18', 'admin'),
(28, 14, 74.26, 73, 85, 73, 85, 67, 70, 1, '2019-08-15 02:07:00', 'admin', '2019-08-15 03:59:19', 'admin'),
(29, 17, 76.58, 76, 82, 76, 82, 67, 70, 1, '2019-08-15 02:07:00', 'admin', '2019-08-15 03:59:19', 'admin'),
(30, 28, 72.02, 87, 71, 87, 71, 56, 60, 1, '2019-08-15 02:07:00', 'admin', '2019-08-15 03:59:19', 'admin'),
(31, 16, 75.54, 75, 83, 75, 83, 86, 60, 1, '2019-08-15 02:07:00', 'admin', '2019-08-15 03:59:19', 'admin'),
(32, 18, 80.42, 77, 81, 77, 81, 78, 90, 1, '2019-08-15 02:07:00', 'admin', '2019-08-15 03:59:19', 'admin'),
(33, 13, 78.12, 72, 86, 72, 86, 86, 73, 1, '2019-08-15 02:07:00', 'admin', '2019-08-15 03:59:19', 'admin'),
(34, 37, 80.38, 96, 62, 96, 62, 76, 100, 1, '2019-08-15 02:07:00', 'admin', '2019-08-15 03:59:19', 'admin'),
(35, 15, 72.7, 74, 84, 74, 84, 87, 50, 1, '2019-08-15 02:07:00', 'admin', '2019-08-15 03:59:19', 'admin'),
(36, 25, 78.2, 84, 74, 84, 74, 87, 75, 1, '2019-08-15 02:07:00', 'admin', '2019-08-15 03:59:19', 'admin'),
(37, 27, 76.08, 86, 72, 86, 72, 87, 45, 1, '2019-08-15 02:07:00', 'admin', '2019-08-15 03:59:19', 'admin'),
(38, 10, 76.3, 69, 89, 69, 89, 67, 90, 1, '2019-08-15 02:07:00', 'admin', '2019-08-15 03:59:19', 'admin'),
(39, 19, 76.16, 78, 80, 78, 80, 68, 75, 1, '2019-08-15 02:07:00', 'admin', '2019-08-15 03:59:19', 'admin'),
(40, 3, 69.52, 62, 96, 62, 96, 56, 65, 1, '2019-08-15 02:07:00', 'admin', '2019-08-19 00:49:35', 'admin'),
(41, 8, 73.52, 67, 91, 67, 91, 78, 65, 2, '2019-08-15 02:07:00', 'admin', '2019-08-15 20:28:00', 'admin'),
(42, 23, 74.42, 82, 76, 82, 76, 56, 80, 2, '2019-08-15 02:07:00', 'admin', '2019-08-15 03:59:00', 'admin'),
(43, 20, 75.3, 79, 79, 79, 79, 58, 78, 2, '2019-08-15 02:07:00', 'admin', '2019-08-15 03:59:00', 'admin'),
(44, 1, 78.14, 60, 98, 60, 98, 67, 100, 2, '2019-08-15 02:07:00', 'admin', '2019-08-19 01:53:15', 'admin'),
(45, 2, 69.98, 61, 97, 61, 97, 58, 76, 2, '2019-08-15 02:07:00', 'admin', '2019-08-15 03:59:00', 'admin'),
(46, 38, 83.72, 97, 61, 97, 61, 89, 85, 2, '2019-08-15 02:07:00', 'admin', '2019-08-15 03:59:00', 'admin'),
(47, 22, 78.68, 81, 77, 81, 77, 78, 65, 2, '2019-08-15 02:07:00', 'admin', '2019-08-15 03:59:00', 'admin'),
(48, 31, 83.54, 90, 68, 90, 68, 98, 74, 2, '2019-08-15 02:07:00', 'admin', '2019-08-15 03:59:00', 'admin'),
(49, 24, 78.46, 83, 75, 83, 75, 78, 60, 2, '2019-08-15 02:07:00', 'admin', '2019-08-15 03:59:00', 'admin'),
(50, 7, 65.68, 66, 92, 66, 92, 45, 55, 2, '2019-08-15 02:07:00', 'admin', '2019-08-15 03:59:00', 'admin'),
(51, 29, 76.56, 88, 70, 88, 70, 78, 73, 2, '2019-08-15 02:07:00', 'admin', '2019-08-15 03:59:00', 'admin'),
(52, 26, 78.34, 85, 73, 85, 73, 87, 74, 2, '2019-08-15 02:07:00', 'admin', '2019-08-15 03:59:00', 'admin'),
(53, 30, 78.8, 89, 69, 89, 69, 90, 65, 2, '2019-08-15 02:07:00', 'admin', '2019-08-15 03:59:00', 'admin'),
(54, 9, 81.26, 68, 90, 68, 90, 89, 100, 2, '2019-08-15 02:07:00', 'admin', '2019-08-15 03:59:00', 'admin'),
(55, 21, 79.14, 80, 78, 80, 78, 76, 78, 2, '2019-08-15 02:07:00', 'admin', '2019-08-15 03:59:00', 'admin'),
(56, 35, 77.8, 94, 64, 94, 64, 87, 65, 2, '2019-08-15 02:07:00', 'admin', '2019-08-15 03:59:00', 'admin'),
(57, 12, 75.28, 71, 87, 71, 87, 78, 85, 2, '2019-08-15 02:07:00', 'admin', '2019-08-15 03:59:00', 'admin'),
(58, 40, 80, 99, 59, 99, 59, 78, 75, 2, '2019-08-15 02:07:00', 'admin', '2019-08-15 03:59:00', 'admin'),
(59, 36, 74.74, 95, 63, 95, 63, 56, 90, 2, '2019-08-15 02:07:00', 'admin', '2019-08-15 03:59:00', 'admin'),
(60, 39, 78.24, 70, 88, 70, 88, 67, 95, 2, '2019-08-15 02:07:00', 'admin', '2019-08-15 03:59:00', 'admin'),
(61, 11, 75.96, 93, 65, 93, 65, 67, 65, 2, '2019-08-15 02:07:00', 'admin', '2019-08-15 03:59:00', 'admin'),
(62, 34, 83.38, 91, 67, 91, 67, 87, 90, 2, '2019-08-15 02:07:00', 'admin', '2019-08-15 03:59:00', 'admin'),
(63, 32, 81.72, 92, 66, 92, 66, 87, 85, 2, '2019-08-15 02:07:00', 'admin', '2019-08-15 03:59:00', 'admin'),
(64, 33, 83.56, 98, 60, 98, 60, 100, 65, 2, '2019-08-15 02:07:00', 'admin', '2019-08-15 03:59:00', 'admin'),
(65, 4, 73.96, 63, 95, 63, 95, 78, 45, 2, '2019-08-15 02:07:00', 'admin', '2019-08-15 03:59:00', 'admin'),
(66, 5, 81.4, 64, 94, 64, 94, 96, 67, 2, '2019-08-15 02:07:00', 'admin', '2019-08-15 03:59:00', 'admin'),
(67, 6, 80.84, 65, 93, 65, 93, 75, 89, 2, '2019-08-15 02:07:00', 'admin', '2019-08-15 03:59:00', 'admin'),
(68, 14, 74.26, 73, 85, 73, 85, 67, 70, 2, '2019-08-15 02:07:00', 'admin', '2019-08-15 03:59:00', 'admin'),
(69, 17, 76.58, 76, 82, 76, 82, 67, 70, 2, '2019-08-15 02:07:00', 'admin', '2019-08-15 03:59:00', 'admin'),
(70, 28, 72.02, 87, 71, 87, 71, 56, 60, 2, '2019-08-15 02:07:00', 'admin', '2019-08-15 03:59:00', 'admin'),
(71, 16, 75.54, 75, 83, 75, 83, 86, 60, 2, '2019-08-15 02:07:00', 'admin', '2019-08-15 03:59:00', 'admin'),
(72, 18, 80.42, 77, 81, 77, 81, 78, 90, 2, '2019-08-15 02:07:00', 'admin', '2019-08-15 03:59:00', 'admin'),
(73, 13, 78.12, 72, 86, 72, 86, 86, 73, 2, '2019-08-15 02:07:00', 'admin', '2019-08-15 03:59:00', 'admin'),
(74, 37, 80.38, 96, 62, 96, 62, 76, 100, 2, '2019-08-15 02:07:00', 'admin', '2019-08-15 03:59:00', 'admin'),
(75, 15, 72.7, 74, 84, 74, 84, 87, 50, 2, '2019-08-15 02:07:00', 'admin', '2019-08-15 03:59:00', 'admin'),
(76, 25, 78.2, 84, 74, 84, 74, 87, 75, 2, '2019-08-15 02:07:00', 'admin', '2019-08-15 03:59:00', 'admin'),
(77, 27, 76.08, 86, 72, 86, 72, 87, 45, 2, '2019-08-15 02:07:00', 'admin', '2019-08-15 03:59:00', 'admin'),
(78, 10, 76.3, 69, 89, 69, 89, 67, 90, 2, '2019-08-15 02:07:00', 'admin', '2019-08-15 03:59:00', 'admin'),
(79, 19, 76.16, 78, 80, 78, 80, 68, 75, 2, '2019-08-15 02:07:00', 'admin', '2019-08-15 03:59:00', 'admin'),
(80, 3, 69.52, 62, 96, 62, 96, 56, 65, 2, '2019-08-15 02:07:00', 'admin', '2019-08-19 00:50:09', 'admin'),
(81, 8, 73.52, 67, 91, 67, 91, 78, 65, 3, '2019-08-15 02:07:00', 'admin', '2019-08-15 20:28:00', 'admin'),
(82, 23, 74.42, 82, 76, 82, 76, 56, 80, 3, '2019-08-15 02:07:00', 'admin', '2019-08-15 03:59:00', 'admin'),
(83, 20, 75.3, 79, 79, 79, 79, 58, 78, 3, '2019-08-15 02:07:00', 'admin', '2019-08-15 03:59:00', 'admin'),
(84, 1, 78.14, 60, 98, 60, 98, 67, 100, 3, '2019-08-15 02:07:00', 'admin', '2019-08-16 00:57:00', 'admin'),
(85, 2, 69.98, 61, 97, 61, 97, 58, 76, 3, '2019-08-15 02:07:00', 'admin', '2019-08-15 03:59:00', 'admin'),
(86, 38, 83.72, 97, 61, 97, 61, 89, 85, 3, '2019-08-15 02:07:00', 'admin', '2019-08-15 03:59:00', 'admin'),
(87, 22, 78.68, 81, 77, 81, 77, 78, 65, 3, '2019-08-15 02:07:00', 'admin', '2019-08-15 03:59:00', 'admin'),
(88, 31, 83.54, 90, 68, 90, 68, 98, 74, 3, '2019-08-15 02:07:00', 'admin', '2019-08-15 03:59:00', 'admin'),
(89, 24, 78.46, 83, 75, 83, 75, 78, 60, 3, '2019-08-15 02:07:00', 'admin', '2019-08-15 03:59:00', 'admin'),
(90, 7, 65.68, 66, 92, 66, 92, 45, 55, 3, '2019-08-15 02:07:00', 'admin', '2019-08-15 03:59:00', 'admin'),
(91, 29, 76.56, 88, 70, 88, 70, 78, 73, 3, '2019-08-15 02:07:00', 'admin', '2019-08-15 03:59:00', 'admin'),
(92, 26, 78.34, 85, 73, 85, 73, 87, 74, 3, '2019-08-15 02:07:00', 'admin', '2019-08-15 03:59:00', 'admin'),
(93, 30, 78.8, 89, 69, 89, 69, 90, 65, 3, '2019-08-15 02:07:00', 'admin', '2019-08-15 03:59:00', 'admin'),
(94, 9, 81.26, 68, 90, 68, 90, 89, 100, 3, '2019-08-15 02:07:00', 'admin', '2019-08-15 03:59:00', 'admin'),
(95, 21, 79.14, 80, 78, 80, 78, 76, 78, 3, '2019-08-15 02:07:00', 'admin', '2019-08-15 03:59:00', 'admin'),
(96, 35, 77.8, 94, 64, 94, 64, 87, 65, 3, '2019-08-15 02:07:00', 'admin', '2019-08-15 03:59:00', 'admin'),
(97, 12, 75.28, 71, 87, 71, 87, 78, 85, 3, '2019-08-15 02:07:00', 'admin', '2019-08-15 03:59:00', 'admin'),
(98, 40, 80, 99, 59, 99, 59, 78, 75, 3, '2019-08-15 02:07:00', 'admin', '2019-08-15 03:59:00', 'admin'),
(99, 36, 74.74, 95, 63, 95, 63, 56, 90, 3, '2019-08-15 02:07:00', 'admin', '2019-08-15 03:59:00', 'admin'),
(100, 39, 78.24, 70, 88, 70, 88, 67, 95, 3, '2019-08-15 02:07:00', 'admin', '2019-08-15 03:59:00', 'admin'),
(101, 11, 75.96, 93, 65, 93, 65, 67, 65, 3, '2019-08-15 02:07:00', 'admin', '2019-08-15 03:59:00', 'admin'),
(102, 34, 83.38, 91, 67, 91, 67, 87, 90, 3, '2019-08-15 02:07:00', 'admin', '2019-08-15 03:59:00', 'admin'),
(103, 32, 81.72, 92, 66, 92, 66, 87, 85, 3, '2019-08-15 02:07:00', 'admin', '2019-08-15 03:59:00', 'admin'),
(104, 33, 83.56, 98, 60, 98, 60, 100, 65, 3, '2019-08-15 02:07:00', 'admin', '2019-08-15 03:59:00', 'admin'),
(105, 4, 73.96, 63, 95, 63, 95, 78, 45, 3, '2019-08-15 02:07:00', 'admin', '2019-08-15 03:59:00', 'admin'),
(106, 5, 81.4, 64, 94, 64, 94, 96, 67, 3, '2019-08-15 02:07:00', 'admin', '2019-08-15 03:59:00', 'admin'),
(107, 6, 80.84, 65, 93, 65, 93, 75, 89, 3, '2019-08-15 02:07:00', 'admin', '2019-08-15 03:59:00', 'admin'),
(108, 14, 74.26, 73, 85, 73, 85, 67, 70, 3, '2019-08-15 02:07:00', 'admin', '2019-08-15 03:59:00', 'admin'),
(109, 17, 76.58, 76, 82, 76, 82, 67, 70, 3, '2019-08-15 02:07:00', 'admin', '2019-08-15 03:59:00', 'admin'),
(110, 28, 72.02, 87, 71, 87, 71, 56, 60, 3, '2019-08-15 02:07:00', 'admin', '2019-08-15 03:59:00', 'admin'),
(111, 16, 75.54, 75, 83, 75, 83, 86, 60, 3, '2019-08-15 02:07:00', 'admin', '2019-08-15 03:59:00', 'admin'),
(112, 18, 80.42, 77, 81, 77, 81, 78, 90, 3, '2019-08-15 02:07:00', 'admin', '2019-08-15 03:59:00', 'admin'),
(113, 13, 78.12, 72, 86, 72, 86, 86, 73, 3, '2019-08-15 02:07:00', 'admin', '2019-08-15 03:59:00', 'admin'),
(114, 37, 80.38, 96, 62, 96, 62, 76, 100, 3, '2019-08-15 02:07:00', 'admin', '2019-08-15 03:59:00', 'admin'),
(115, 15, 72.7, 74, 84, 74, 84, 87, 50, 3, '2019-08-15 02:07:00', 'admin', '2019-08-15 03:59:00', 'admin'),
(116, 25, 78.2, 84, 74, 84, 74, 87, 75, 3, '2019-08-15 02:07:00', 'admin', '2019-08-15 03:59:00', 'admin'),
(117, 27, 76.08, 86, 72, 86, 72, 87, 45, 3, '2019-08-15 02:07:00', 'admin', '2019-08-15 03:59:00', 'admin'),
(118, 10, 76.3, 69, 89, 69, 89, 67, 90, 3, '2019-08-15 02:07:00', 'admin', '2019-08-15 03:59:00', 'admin'),
(119, 19, 76.16, 78, 80, 78, 80, 68, 75, 3, '2019-08-15 02:07:00', 'admin', '2019-08-15 03:59:00', 'admin'),
(120, 3, 69.52, 62, 96, 62, 96, 56, 65, 3, '2019-08-15 02:07:00', 'admin', '2019-08-19 00:50:13', 'admin'),
(121, 8, 73.52, 67, 91, 67, 91, 78, 65, 4, '2019-08-15 02:07:00', 'admin', '2019-08-15 20:28:00', 'admin'),
(122, 23, 74.42, 82, 76, 82, 76, 56, 80, 4, '2019-08-15 02:07:00', 'admin', '2019-08-15 03:59:00', 'admin'),
(123, 20, 75.3, 79, 79, 79, 79, 58, 78, 4, '2019-08-15 02:07:00', 'admin', '2019-08-15 03:59:00', 'admin'),
(124, 1, 78.14, 60, 98, 60, 98, 67, 100, 4, '2019-08-15 02:07:00', 'admin', '2019-08-16 00:57:00', 'admin'),
(125, 2, 69.98, 61, 97, 61, 97, 58, 76, 4, '2019-08-15 02:07:00', 'admin', '2019-08-15 03:59:00', 'admin'),
(126, 38, 83.72, 97, 61, 97, 61, 89, 85, 4, '2019-08-15 02:07:00', 'admin', '2019-08-15 03:59:00', 'admin'),
(127, 22, 78.68, 81, 77, 81, 77, 78, 65, 4, '2019-08-15 02:07:00', 'admin', '2019-08-15 03:59:00', 'admin'),
(128, 31, 83.54, 90, 68, 90, 68, 98, 74, 4, '2019-08-15 02:07:00', 'admin', '2019-08-15 03:59:00', 'admin'),
(129, 24, 78.46, 83, 75, 83, 75, 78, 60, 4, '2019-08-15 02:07:00', 'admin', '2019-08-15 03:59:00', 'admin'),
(130, 7, 65.68, 66, 92, 66, 92, 45, 55, 4, '2019-08-15 02:07:00', 'admin', '2019-08-15 03:59:00', 'admin'),
(131, 29, 76.56, 88, 70, 88, 70, 78, 73, 4, '2019-08-15 02:07:00', 'admin', '2019-08-15 03:59:00', 'admin'),
(132, 26, 78.34, 85, 73, 85, 73, 87, 74, 4, '2019-08-15 02:07:00', 'admin', '2019-08-15 03:59:00', 'admin'),
(133, 30, 78.8, 89, 69, 89, 69, 90, 65, 4, '2019-08-15 02:07:00', 'admin', '2019-08-15 03:59:00', 'admin'),
(134, 9, 81.26, 68, 90, 68, 90, 89, 100, 4, '2019-08-15 02:07:00', 'admin', '2019-08-15 03:59:00', 'admin'),
(135, 21, 79.14, 80, 78, 80, 78, 76, 78, 4, '2019-08-15 02:07:00', 'admin', '2019-08-15 03:59:00', 'admin'),
(136, 35, 77.8, 94, 64, 94, 64, 87, 65, 4, '2019-08-15 02:07:00', 'admin', '2019-08-15 03:59:00', 'admin'),
(137, 12, 75.28, 71, 87, 71, 87, 78, 85, 4, '2019-08-15 02:07:00', 'admin', '2019-08-15 03:59:00', 'admin'),
(138, 40, 80, 99, 59, 99, 59, 78, 75, 4, '2019-08-15 02:07:00', 'admin', '2019-08-15 03:59:00', 'admin'),
(139, 36, 74.74, 95, 63, 95, 63, 56, 90, 4, '2019-08-15 02:07:00', 'admin', '2019-08-15 03:59:00', 'admin'),
(140, 39, 78.24, 70, 88, 70, 88, 67, 95, 4, '2019-08-15 02:07:00', 'admin', '2019-08-15 03:59:00', 'admin'),
(141, 11, 75.96, 93, 65, 93, 65, 67, 65, 4, '2019-08-15 02:07:00', 'admin', '2019-08-15 03:59:00', 'admin'),
(142, 34, 83.38, 91, 67, 91, 67, 87, 90, 4, '2019-08-15 02:07:00', 'admin', '2019-08-15 03:59:00', 'admin'),
(143, 32, 81.72, 92, 66, 92, 66, 87, 85, 4, '2019-08-15 02:07:00', 'admin', '2019-08-15 03:59:00', 'admin'),
(144, 33, 83.56, 98, 60, 98, 60, 100, 65, 4, '2019-08-15 02:07:00', 'admin', '2019-08-15 03:59:00', 'admin'),
(145, 4, 73.96, 63, 95, 63, 95, 78, 45, 4, '2019-08-15 02:07:00', 'admin', '2019-08-15 03:59:00', 'admin'),
(146, 5, 81.4, 64, 94, 64, 94, 96, 67, 4, '2019-08-15 02:07:00', 'admin', '2019-08-15 03:59:00', 'admin'),
(147, 6, 80.84, 65, 93, 65, 93, 75, 89, 4, '2019-08-15 02:07:00', 'admin', '2019-08-15 03:59:00', 'admin'),
(148, 14, 74.26, 73, 85, 73, 85, 67, 70, 4, '2019-08-15 02:07:00', 'admin', '2019-08-15 03:59:00', 'admin'),
(149, 17, 76.58, 76, 82, 76, 82, 67, 70, 4, '2019-08-15 02:07:00', 'admin', '2019-08-15 03:59:00', 'admin'),
(150, 28, 72.02, 87, 71, 87, 71, 56, 60, 4, '2019-08-15 02:07:00', 'admin', '2019-08-15 03:59:00', 'admin'),
(151, 16, 75.54, 75, 83, 75, 83, 86, 60, 4, '2019-08-15 02:07:00', 'admin', '2019-08-15 03:59:00', 'admin'),
(152, 18, 80.42, 77, 81, 77, 81, 78, 90, 4, '2019-08-15 02:07:00', 'admin', '2019-08-15 03:59:00', 'admin'),
(153, 13, 78.12, 72, 86, 72, 86, 86, 73, 4, '2019-08-15 02:07:00', 'admin', '2019-08-15 03:59:00', 'admin'),
(154, 37, 80.38, 96, 62, 96, 62, 76, 100, 4, '2019-08-15 02:07:00', 'admin', '2019-08-15 03:59:00', 'admin'),
(155, 15, 72.7, 74, 84, 74, 84, 87, 50, 4, '2019-08-15 02:07:00', 'admin', '2019-08-15 03:59:00', 'admin'),
(156, 25, 78.2, 84, 74, 84, 74, 87, 75, 4, '2019-08-15 02:07:00', 'admin', '2019-08-15 03:59:00', 'admin'),
(157, 27, 76.08, 86, 72, 86, 72, 87, 45, 4, '2019-08-15 02:07:00', 'admin', '2019-08-15 03:59:00', 'admin'),
(158, 10, 76.3, 69, 89, 69, 89, 67, 90, 4, '2019-08-15 02:07:00', 'admin', '2019-08-15 03:59:00', 'admin'),
(159, 19, 76.16, 78, 80, 78, 80, 68, 75, 4, '2019-08-15 02:07:00', 'admin', '2019-08-15 03:59:00', 'admin'),
(160, 3, 69.52, 62, 96, 62, 96, 56, 65, 4, '2019-08-15 02:07:00', 'admin', '2019-08-19 00:50:18', 'admin');

-- --------------------------------------------------------

--
-- Table structure for table `tbl_admin_nilai_pretest`
--

CREATE TABLE `tbl_admin_nilai_pretest` (
  `nilaipretest_id` int(10) NOT NULL,
  `kelas_users_id` int(3) NOT NULL,
  `nilai_pretest` int(3) NOT NULL,
  `nilaipretest_topik` int(3) NOT NULL,
  `nilaipretest_created` datetime NOT NULL DEFAULT CURRENT_TIMESTAMP,
  `nilaipretest_creator` varchar(50) NOT NULL,
  `nilaipretest_updated` datetime NOT NULL DEFAULT CURRENT_TIMESTAMP ON UPDATE CURRENT_TIMESTAMP,
  `nilaipretest_updater` varchar(50) NOT NULL
) ENGINE=InnoDB DEFAULT CHARSET=latin1 ROW_FORMAT=COMPACT;

--
-- Dumping data for table `tbl_admin_nilai_pretest`
--

INSERT INTO `tbl_admin_nilai_pretest` (`nilaipretest_id`, `kelas_users_id`, `nilai_pretest`, `nilaipretest_topik`, `nilaipretest_created`, `nilaipretest_creator`, `nilaipretest_updated`, `nilaipretest_updater`) VALUES
(1, 8, 62, 1, '2019-08-15 02:07:00', 'admin', '2019-08-15 02:08:00', 'admin'),
(2, 23, 78, 1, '2019-08-15 02:07:00', 'admin', '2019-08-15 02:08:00', 'admin'),
(3, 20, 82, 1, '2019-08-15 02:07:00', 'admin', '2019-08-15 02:08:00', 'admin'),
(4, 1, 80, 1, '2019-08-16 03:10:57', '1004', '2019-08-16 03:14:54', ''),
(5, 2, 60, 1, '2019-08-15 02:07:00', 'admin', '2019-08-15 02:08:00', 'admin'),
(6, 38, 86, 1, '2019-08-15 02:07:00', 'admin', '2019-08-15 02:08:00', 'admin'),
(7, 22, 85, 1, '2019-08-15 02:07:00', 'admin', '2019-08-15 02:08:00', 'admin'),
(8, 31, 83, 1, '2019-08-15 02:07:00', 'admin', '2019-08-15 02:08:00', 'admin'),
(9, 24, 86, 1, '2019-08-15 02:07:00', 'admin', '2019-08-15 02:08:00', 'admin'),
(10, 7, 61, 1, '2019-08-15 02:07:00', 'admin', '2019-08-15 02:08:00', 'admin'),
(11, 29, 69, 1, '2019-08-15 02:07:00', 'admin', '2019-08-15 02:08:00', 'admin'),
(12, 26, 69, 1, '2019-08-15 02:07:00', 'admin', '2019-08-15 02:08:00', 'admin'),
(13, 30, 72, 1, '2019-08-15 02:07:00', 'admin', '2019-08-15 02:08:00', 'admin'),
(14, 9, 72, 1, '2019-08-15 02:07:00', 'admin', '2019-08-15 02:08:00', 'admin'),
(15, 21, 83, 1, '2019-08-15 02:07:00', 'admin', '2019-08-15 02:08:00', 'admin'),
(16, 35, 69, 1, '2019-08-15 02:07:00', 'admin', '2019-08-15 02:08:00', 'admin'),
(17, 12, 60, 1, '2019-08-15 02:07:00', 'admin', '2019-08-15 02:08:00', 'admin'),
(18, 40, 83, 1, '2019-08-15 02:07:00', 'admin', '2019-08-15 02:08:00', 'admin'),
(19, 36, 72, 1, '2019-08-15 02:07:00', 'admin', '2019-08-15 02:08:00', 'admin'),
(20, 39, 81, 1, '2019-08-15 02:07:00', 'admin', '2019-08-15 02:08:00', 'admin'),
(21, 11, 80, 1, '2019-08-15 02:07:00', 'admin', '2019-08-15 02:08:00', 'admin'),
(22, 34, 85, 1, '2019-08-15 02:07:00', 'admin', '2019-08-15 02:08:00', 'admin'),
(23, 32, 79, 1, '2019-08-15 02:07:00', 'admin', '2019-08-15 02:08:00', 'admin'),
(24, 33, 84, 1, '2019-08-15 02:07:00', 'admin', '2019-08-15 02:08:00', 'admin'),
(25, 4, 75, 1, '2019-08-15 02:07:00', 'admin', '2019-08-15 02:08:00', 'admin'),
(26, 5, 83, 1, '2019-08-15 02:07:00', 'admin', '2019-08-15 02:08:00', 'admin'),
(27, 6, 90, 1, '2019-08-15 02:07:00', 'admin', '2019-08-15 02:09:00', 'admin'),
(28, 14, 73, 1, '2019-08-15 02:07:00', 'admin', '2019-08-15 02:09:00', 'admin'),
(29, 17, 84, 1, '2019-08-15 02:07:00', 'admin', '2019-08-15 02:09:00', 'admin'),
(30, 28, 75, 1, '2019-08-15 02:07:00', 'admin', '2019-08-15 02:09:00', 'admin'),
(31, 16, 65, 1, '2019-08-15 02:07:00', 'admin', '2019-08-15 02:09:00', 'admin'),
(32, 18, 82, 1, '2019-08-15 02:07:00', 'admin', '2019-08-15 02:09:00', 'admin'),
(33, 13, 72, 1, '2019-08-15 02:07:00', 'admin', '2019-08-15 02:09:00', 'admin'),
(34, 37, 75, 1, '2019-08-15 02:07:00', 'admin', '2019-08-15 02:09:00', 'admin'),
(35, 15, 55, 1, '2019-08-15 02:07:00', 'admin', '2019-08-15 02:09:00', 'admin'),
(36, 25, 68, 1, '2019-08-15 02:07:00', 'admin', '2019-08-15 02:09:00', 'admin'),
(37, 27, 72, 1, '2019-08-15 02:07:00', 'admin', '2019-08-15 02:09:00', 'admin'),
(38, 10, 74, 1, '2019-08-15 02:07:00', 'admin', '2019-08-15 02:09:00', 'admin'),
(39, 19, 78, 1, '2019-08-15 02:07:00', 'admin', '2019-08-15 02:09:00', 'admin'),
(40, 3, 65, 1, '2019-08-15 02:07:00', 'admin', '2019-08-15 02:09:00', 'admin'),
(41, 8, 62, 2, '2019-08-15 02:07:00', 'admin', '2019-08-15 02:08:00', 'admin'),
(42, 23, 78, 2, '2019-08-15 02:07:00', 'admin', '2019-08-15 02:08:00', 'admin'),
(43, 20, 82, 2, '2019-08-15 02:07:00', 'admin', '2019-08-15 02:08:00', 'admin'),
(44, 1, 80, 2, '2019-08-16 03:10:00', 'admin', '2019-08-16 03:14:00', 'admin'),
(45, 2, 60, 2, '2019-08-15 02:07:00', 'admin', '2019-08-15 02:08:00', 'admin'),
(46, 38, 86, 2, '2019-08-15 02:07:00', 'admin', '2019-08-15 02:08:00', 'admin'),
(47, 22, 85, 2, '2019-08-15 02:07:00', 'admin', '2019-08-15 02:08:00', 'admin'),
(48, 31, 83, 2, '2019-08-15 02:07:00', 'admin', '2019-08-15 02:08:00', 'admin'),
(49, 24, 86, 2, '2019-08-15 02:07:00', 'admin', '2019-08-15 02:08:00', 'admin'),
(50, 7, 61, 2, '2019-08-15 02:07:00', 'admin', '2019-08-15 02:08:00', 'admin'),
(51, 29, 69, 2, '2019-08-15 02:07:00', 'admin', '2019-08-15 02:08:00', 'admin'),
(52, 26, 69, 2, '2019-08-15 02:07:00', 'admin', '2019-08-15 02:08:00', 'admin'),
(53, 30, 72, 2, '2019-08-15 02:07:00', 'admin', '2019-08-15 02:08:00', 'admin'),
(54, 9, 72, 2, '2019-08-15 02:07:00', 'admin', '2019-08-15 02:08:00', 'admin'),
(55, 21, 83, 2, '2019-08-15 02:07:00', 'admin', '2019-08-15 02:08:00', 'admin'),
(56, 35, 69, 2, '2019-08-15 02:07:00', 'admin', '2019-08-15 02:08:00', 'admin'),
(57, 12, 60, 2, '2019-08-15 02:07:00', 'admin', '2019-08-15 02:08:00', 'admin'),
(58, 40, 83, 2, '2019-08-15 02:07:00', 'admin', '2019-08-15 02:08:00', 'admin'),
(59, 36, 72, 2, '2019-08-15 02:07:00', 'admin', '2019-08-15 02:08:00', 'admin'),
(60, 39, 81, 2, '2019-08-15 02:07:00', 'admin', '2019-08-15 02:08:00', 'admin'),
(61, 11, 80, 2, '2019-08-15 02:07:00', 'admin', '2019-08-15 02:08:00', 'admin'),
(62, 34, 85, 2, '2019-08-15 02:07:00', 'admin', '2019-08-15 02:08:00', 'admin'),
(63, 32, 79, 2, '2019-08-15 02:07:00', 'admin', '2019-08-15 02:08:00', 'admin'),
(64, 33, 84, 2, '2019-08-15 02:07:00', 'admin', '2019-08-15 02:08:00', 'admin'),
(65, 4, 75, 2, '2019-08-15 02:07:00', 'admin', '2019-08-15 02:08:00', 'admin'),
(66, 5, 83, 2, '2019-08-15 02:07:00', 'admin', '2019-08-15 02:08:00', 'admin'),
(67, 6, 90, 2, '2019-08-15 02:07:00', 'admin', '2019-08-15 02:09:00', 'admin'),
(68, 14, 73, 2, '2019-08-15 02:07:00', 'admin', '2019-08-15 02:09:00', 'admin'),
(69, 17, 84, 2, '2019-08-15 02:07:00', 'admin', '2019-08-15 02:09:00', 'admin'),
(70, 28, 75, 2, '2019-08-15 02:07:00', 'admin', '2019-08-15 02:09:00', 'admin'),
(71, 16, 65, 2, '2019-08-15 02:07:00', 'admin', '2019-08-15 02:09:00', 'admin'),
(72, 18, 82, 2, '2019-08-15 02:07:00', 'admin', '2019-08-15 02:09:00', 'admin'),
(73, 13, 72, 2, '2019-08-15 02:07:00', 'admin', '2019-08-15 02:09:00', 'admin'),
(74, 37, 75, 2, '2019-08-15 02:07:00', 'admin', '2019-08-15 02:09:00', 'admin'),
(75, 15, 55, 2, '2019-08-15 02:07:00', 'admin', '2019-08-15 02:09:00', 'admin'),
(76, 25, 68, 2, '2019-08-15 02:07:00', 'admin', '2019-08-15 02:09:00', 'admin'),
(77, 27, 72, 2, '2019-08-15 02:07:00', 'admin', '2019-08-15 02:09:00', 'admin'),
(78, 10, 74, 2, '2019-08-15 02:07:00', 'admin', '2019-08-15 02:09:00', 'admin'),
(79, 19, 78, 2, '2019-08-15 02:07:00', 'admin', '2019-08-15 02:09:00', 'admin'),
(80, 3, 65, 2, '2019-08-15 02:07:00', 'admin', '2019-08-15 02:09:00', 'admin'),
(81, 8, 62, 3, '2019-08-15 02:07:00', 'admin', '2019-08-15 02:08:00', 'admin'),
(82, 23, 78, 3, '2019-08-15 02:07:00', 'admin', '2019-08-15 02:08:00', 'admin'),
(83, 20, 82, 3, '2019-08-15 02:07:00', 'admin', '2019-08-15 02:08:00', 'admin'),
(84, 1, 80, 3, '2019-08-16 03:10:00', 'admin', '2019-08-16 03:14:00', 'admin'),
(85, 2, 60, 3, '2019-08-15 02:07:00', 'admin', '2019-08-15 02:08:00', 'admin'),
(86, 38, 86, 3, '2019-08-15 02:07:00', 'admin', '2019-08-15 02:08:00', 'admin'),
(87, 22, 85, 3, '2019-08-15 02:07:00', 'admin', '2019-08-15 02:08:00', 'admin'),
(88, 31, 83, 3, '2019-08-15 02:07:00', 'admin', '2019-08-15 02:08:00', 'admin'),
(89, 24, 86, 3, '2019-08-15 02:07:00', 'admin', '2019-08-15 02:08:00', 'admin'),
(90, 7, 61, 3, '2019-08-15 02:07:00', 'admin', '2019-08-15 02:08:00', 'admin'),
(91, 29, 69, 3, '2019-08-15 02:07:00', 'admin', '2019-08-15 02:08:00', 'admin'),
(92, 26, 69, 3, '2019-08-15 02:07:00', 'admin', '2019-08-15 02:08:00', 'admin'),
(93, 30, 72, 3, '2019-08-15 02:07:00', 'admin', '2019-08-15 02:08:00', 'admin'),
(94, 9, 72, 3, '2019-08-15 02:07:00', 'admin', '2019-08-15 02:08:00', 'admin'),
(95, 21, 83, 3, '2019-08-15 02:07:00', 'admin', '2019-08-15 02:08:00', 'admin'),
(96, 35, 69, 3, '2019-08-15 02:07:00', 'admin', '2019-08-15 02:08:00', 'admin'),
(97, 12, 60, 3, '2019-08-15 02:07:00', 'admin', '2019-08-15 02:08:00', 'admin'),
(98, 40, 83, 3, '2019-08-15 02:07:00', 'admin', '2019-08-15 02:08:00', 'admin'),
(99, 36, 72, 3, '2019-08-15 02:07:00', 'admin', '2019-08-15 02:08:00', 'admin'),
(100, 39, 81, 3, '2019-08-15 02:07:00', 'admin', '2019-08-15 02:08:00', 'admin'),
(101, 11, 80, 3, '2019-08-15 02:07:00', 'admin', '2019-08-15 02:08:00', 'admin'),
(102, 34, 85, 3, '2019-08-15 02:07:00', 'admin', '2019-08-15 02:08:00', 'admin'),
(103, 32, 79, 3, '2019-08-15 02:07:00', 'admin', '2019-08-15 02:08:00', 'admin'),
(104, 33, 84, 3, '2019-08-15 02:07:00', 'admin', '2019-08-15 02:08:00', 'admin'),
(105, 4, 75, 3, '2019-08-15 02:07:00', 'admin', '2019-08-15 02:08:00', 'admin'),
(106, 5, 83, 3, '2019-08-15 02:07:00', 'admin', '2019-08-15 02:08:00', 'admin'),
(107, 6, 90, 3, '2019-08-15 02:07:00', 'admin', '2019-08-15 02:09:00', 'admin'),
(108, 14, 73, 3, '2019-08-15 02:07:00', 'admin', '2019-08-15 02:09:00', 'admin'),
(109, 17, 84, 3, '2019-08-15 02:07:00', 'admin', '2019-08-15 02:09:00', 'admin'),
(110, 28, 75, 3, '2019-08-15 02:07:00', 'admin', '2019-08-15 02:09:00', 'admin'),
(111, 16, 65, 3, '2019-08-15 02:07:00', 'admin', '2019-08-15 02:09:00', 'admin'),
(112, 18, 82, 3, '2019-08-15 02:07:00', 'admin', '2019-08-15 02:09:00', 'admin'),
(113, 13, 72, 3, '2019-08-15 02:07:00', 'admin', '2019-08-15 02:09:00', 'admin'),
(114, 37, 75, 3, '2019-08-15 02:07:00', 'admin', '2019-08-15 02:09:00', 'admin'),
(115, 15, 55, 3, '2019-08-15 02:07:00', 'admin', '2019-08-15 02:09:00', 'admin'),
(116, 25, 68, 3, '2019-08-15 02:07:00', 'admin', '2019-08-15 02:09:00', 'admin'),
(117, 27, 72, 3, '2019-08-15 02:07:00', 'admin', '2019-08-15 02:09:00', 'admin'),
(118, 10, 74, 3, '2019-08-15 02:07:00', 'admin', '2019-08-15 02:09:00', 'admin'),
(119, 19, 78, 3, '2019-08-15 02:07:00', 'admin', '2019-08-15 02:09:00', 'admin'),
(120, 3, 65, 3, '2019-08-15 02:07:00', 'admin', '2019-08-15 02:09:00', 'admin'),
(121, 8, 62, 4, '2019-08-15 02:07:00', 'admin', '2019-08-15 02:08:00', 'admin'),
(122, 23, 78, 4, '2019-08-15 02:07:00', 'admin', '2019-08-15 02:08:00', 'admin'),
(123, 20, 82, 4, '2019-08-15 02:07:00', 'admin', '2019-08-15 02:08:00', 'admin'),
(124, 1, 80, 4, '2019-08-16 03:10:00', 'admin', '2019-08-16 03:14:00', 'admin'),
(125, 2, 60, 4, '2019-08-15 02:07:00', 'admin', '2019-08-15 02:08:00', 'admin'),
(126, 38, 86, 4, '2019-08-15 02:07:00', 'admin', '2019-08-15 02:08:00', 'admin'),
(127, 22, 85, 4, '2019-08-15 02:07:00', 'admin', '2019-08-15 02:08:00', 'admin'),
(128, 31, 83, 4, '2019-08-15 02:07:00', 'admin', '2019-08-15 02:08:00', 'admin'),
(129, 24, 86, 4, '2019-08-15 02:07:00', 'admin', '2019-08-15 02:08:00', 'admin'),
(130, 7, 61, 4, '2019-08-15 02:07:00', 'admin', '2019-08-15 02:08:00', 'admin'),
(131, 29, 69, 4, '2019-08-15 02:07:00', 'admin', '2019-08-15 02:08:00', 'admin'),
(132, 26, 69, 4, '2019-08-15 02:07:00', 'admin', '2019-08-15 02:08:00', 'admin'),
(133, 30, 72, 4, '2019-08-15 02:07:00', 'admin', '2019-08-15 02:08:00', 'admin'),
(134, 9, 72, 4, '2019-08-15 02:07:00', 'admin', '2019-08-15 02:08:00', 'admin'),
(135, 21, 83, 4, '2019-08-15 02:07:00', 'admin', '2019-08-15 02:08:00', 'admin'),
(136, 35, 69, 4, '2019-08-15 02:07:00', 'admin', '2019-08-15 02:08:00', 'admin'),
(137, 12, 60, 4, '2019-08-15 02:07:00', 'admin', '2019-08-15 02:08:00', 'admin'),
(138, 40, 83, 4, '2019-08-15 02:07:00', 'admin', '2019-08-15 02:08:00', 'admin'),
(139, 36, 72, 4, '2019-08-15 02:07:00', 'admin', '2019-08-15 02:08:00', 'admin'),
(140, 39, 81, 4, '2019-08-15 02:07:00', 'admin', '2019-08-15 02:08:00', 'admin'),
(141, 11, 80, 4, '2019-08-15 02:07:00', 'admin', '2019-08-15 02:08:00', 'admin'),
(142, 34, 85, 4, '2019-08-15 02:07:00', 'admin', '2019-08-15 02:08:00', 'admin'),
(143, 32, 79, 4, '2019-08-15 02:07:00', 'admin', '2019-08-15 02:08:00', 'admin'),
(144, 33, 84, 4, '2019-08-15 02:07:00', 'admin', '2019-08-15 02:08:00', 'admin'),
(145, 4, 75, 4, '2019-08-15 02:07:00', 'admin', '2019-08-15 02:08:00', 'admin'),
(146, 5, 83, 4, '2019-08-15 02:07:00', 'admin', '2019-08-15 02:08:00', 'admin'),
(147, 6, 90, 4, '2019-08-15 02:07:00', 'admin', '2019-08-15 02:09:00', 'admin'),
(148, 14, 73, 4, '2019-08-15 02:07:00', 'admin', '2019-08-15 02:09:00', 'admin'),
(149, 17, 84, 4, '2019-08-15 02:07:00', 'admin', '2019-08-15 02:09:00', 'admin'),
(150, 28, 75, 4, '2019-08-15 02:07:00', 'admin', '2019-08-15 02:09:00', 'admin'),
(151, 16, 65, 4, '2019-08-15 02:07:00', 'admin', '2019-08-15 02:09:00', 'admin'),
(152, 18, 82, 4, '2019-08-15 02:07:00', 'admin', '2019-08-15 02:09:00', 'admin'),
(153, 13, 72, 4, '2019-08-15 02:07:00', 'admin', '2019-08-15 02:09:00', 'admin'),
(154, 37, 75, 4, '2019-08-15 02:07:00', 'admin', '2019-08-15 02:09:00', 'admin'),
(155, 15, 55, 4, '2019-08-15 02:07:00', 'admin', '2019-08-15 02:09:00', 'admin'),
(156, 25, 68, 4, '2019-08-15 02:07:00', 'admin', '2019-08-15 02:09:00', 'admin'),
(157, 27, 72, 4, '2019-08-15 02:07:00', 'admin', '2019-08-15 02:09:00', 'admin'),
(158, 10, 74, 4, '2019-08-15 02:07:00', 'admin', '2019-08-15 02:09:00', 'admin'),
(159, 19, 78, 4, '2019-08-15 02:07:00', 'admin', '2019-08-15 02:09:00', 'admin'),
(160, 3, 65, 4, '2019-08-15 02:07:00', 'admin', '2019-08-15 02:09:00', 'admin');

-- --------------------------------------------------------

--
-- Table structure for table `tbl_admin_nilai_uas`
--

CREATE TABLE `tbl_admin_nilai_uas` (
  `uas_id` int(10) NOT NULL,
  `kelas_users_id` int(3) NOT NULL,
  `nilai_uas` int(3) NOT NULL,
  `nilai_uas_praktek` int(3) NOT NULL,
  `uas_created` datetime NOT NULL DEFAULT CURRENT_TIMESTAMP,
  `uas_creator` varchar(50) NOT NULL,
  `uas_updated` datetime NOT NULL DEFAULT CURRENT_TIMESTAMP ON UPDATE CURRENT_TIMESTAMP,
  `uas_updater` varchar(50) NOT NULL
) ENGINE=InnoDB DEFAULT CHARSET=latin1 ROW_FORMAT=COMPACT;

--
-- Dumping data for table `tbl_admin_nilai_uas`
--

INSERT INTO `tbl_admin_nilai_uas` (`uas_id`, `kelas_users_id`, `nilai_uas`, `nilai_uas_praktek`, `uas_created`, `uas_creator`, `uas_updated`, `uas_updater`) VALUES
(1, 8, 62, 62, '2019-08-15 02:07:00', 'admin', '2019-08-15 02:08:00', 'admin'),
(2, 23, 78, 78, '2019-08-15 02:07:00', 'admin', '2019-08-15 02:08:00', 'admin'),
(3, 20, 82, 82, '2019-08-15 02:07:00', 'admin', '2019-08-15 02:08:00', 'admin'),
(4, 1, 80, 80, '2019-08-16 03:10:00', '1004', '2019-08-18 10:47:00', 'admin'),
(5, 2, 60, 60, '2019-08-15 02:07:00', 'admin', '2019-08-15 02:08:00', 'admin'),
(6, 38, 86, 86, '2019-08-15 02:07:00', 'admin', '2019-08-15 02:08:00', 'admin'),
(7, 22, 85, 85, '2019-08-15 02:07:00', 'admin', '2019-08-15 02:08:00', 'admin'),
(8, 31, 83, 83, '2019-08-15 02:07:00', 'admin', '2019-08-15 02:08:00', 'admin'),
(9, 24, 86, 86, '2019-08-15 02:07:00', 'admin', '2019-08-15 02:08:00', 'admin'),
(10, 7, 61, 61, '2019-08-15 02:07:00', 'admin', '2019-08-15 02:08:00', 'admin'),
(11, 29, 69, 69, '2019-08-15 02:07:00', 'admin', '2019-08-15 02:08:00', 'admin'),
(12, 26, 69, 69, '2019-08-15 02:07:00', 'admin', '2019-08-15 02:08:00', 'admin'),
(13, 30, 72, 72, '2019-08-15 02:07:00', 'admin', '2019-08-15 02:08:00', 'admin'),
(14, 9, 72, 72, '2019-08-15 02:07:00', 'admin', '2019-08-15 02:08:00', 'admin'),
(15, 21, 83, 83, '2019-08-15 02:07:00', 'admin', '2019-08-15 02:08:00', 'admin'),
(16, 35, 69, 69, '2019-08-15 02:07:00', 'admin', '2019-08-15 02:08:00', 'admin'),
(17, 12, 60, 60, '2019-08-15 02:07:00', 'admin', '2019-08-15 02:08:00', 'admin'),
(18, 40, 83, 83, '2019-08-15 02:07:00', 'admin', '2019-08-15 02:08:00', 'admin'),
(19, 36, 72, 72, '2019-08-15 02:07:00', 'admin', '2019-08-15 02:08:00', 'admin'),
(20, 39, 81, 81, '2019-08-15 02:07:00', 'admin', '2019-08-15 02:08:00', 'admin'),
(21, 11, 80, 80, '2019-08-15 02:07:00', 'admin', '2019-08-15 02:08:00', 'admin'),
(22, 34, 85, 85, '2019-08-15 02:07:00', 'admin', '2019-08-15 02:08:00', 'admin'),
(23, 32, 79, 79, '2019-08-15 02:07:00', 'admin', '2019-08-15 02:08:00', 'admin'),
(24, 33, 84, 84, '2019-08-15 02:07:00', 'admin', '2019-08-15 02:08:00', 'admin'),
(25, 4, 75, 75, '2019-08-15 02:07:00', 'admin', '2019-08-15 02:08:00', 'admin'),
(26, 5, 83, 83, '2019-08-15 02:07:00', 'admin', '2019-08-15 02:08:00', 'admin'),
(27, 6, 90, 90, '2019-08-15 02:07:00', 'admin', '2019-08-15 02:09:00', 'admin'),
(28, 14, 73, 73, '2019-08-15 02:07:00', 'admin', '2019-08-15 02:09:00', 'admin'),
(29, 17, 84, 84, '2019-08-15 02:07:00', 'admin', '2019-08-15 02:09:00', 'admin'),
(30, 28, 75, 75, '2019-08-15 02:07:00', 'admin', '2019-08-15 02:09:00', 'admin'),
(31, 16, 65, 65, '2019-08-15 02:07:00', 'admin', '2019-08-15 02:09:00', 'admin'),
(32, 18, 82, 82, '2019-08-15 02:07:00', 'admin', '2019-08-15 02:09:00', 'admin'),
(33, 13, 72, 72, '2019-08-15 02:07:00', 'admin', '2019-08-15 02:09:00', 'admin'),
(34, 37, 75, 75, '2019-08-15 02:07:00', 'admin', '2019-08-15 02:09:00', 'admin'),
(35, 15, 55, 55, '2019-08-15 02:07:00', 'admin', '2019-08-15 02:09:00', 'admin'),
(36, 25, 68, 68, '2019-08-15 02:07:00', 'admin', '2019-08-15 02:09:00', 'admin'),
(37, 27, 72, 72, '2019-08-15 02:07:00', 'admin', '2019-08-15 02:09:00', 'admin'),
(38, 10, 74, 74, '2019-08-15 02:07:00', 'admin', '2019-08-15 02:09:00', 'admin'),
(39, 19, 78, 78, '2019-08-15 02:07:00', 'admin', '2019-08-15 02:09:00', 'admin'),
(40, 3, 78, 78, '2019-08-15 02:07:00', 'admin', '2019-08-18 22:19:00', 'admin');

-- --------------------------------------------------------

--
-- Table structure for table `tbl_admin_nilai_uts`
--

CREATE TABLE `tbl_admin_nilai_uts` (
  `uts_id` int(10) NOT NULL,
  `kelas_users_id` int(3) NOT NULL,
  `nilai_uts` int(3) NOT NULL,
  `uts_created` datetime NOT NULL DEFAULT CURRENT_TIMESTAMP,
  `uts_creator` varchar(50) NOT NULL,
  `uts_updated` datetime NOT NULL DEFAULT CURRENT_TIMESTAMP ON UPDATE CURRENT_TIMESTAMP,
  `uts_updater` varchar(50) NOT NULL
) ENGINE=InnoDB DEFAULT CHARSET=latin1 ROW_FORMAT=COMPACT;

--
-- Dumping data for table `tbl_admin_nilai_uts`
--

INSERT INTO `tbl_admin_nilai_uts` (`uts_id`, `kelas_users_id`, `nilai_uts`, `uts_created`, `uts_creator`, `uts_updated`, `uts_updater`) VALUES
(1, 8, 62, '2019-08-15 02:07:00', 'admin', '2019-08-15 02:08:00', 'admin'),
(2, 23, 78, '2019-08-15 02:07:00', 'admin', '2019-08-15 02:08:00', 'admin'),
(3, 20, 82, '2019-08-15 02:07:00', 'admin', '2019-08-15 02:08:00', 'admin'),
(4, 1, 80, '2019-08-16 03:10:00', '1004', '2019-08-18 10:47:27', 'admin'),
(5, 2, 60, '2019-08-15 02:07:00', 'admin', '2019-08-15 02:08:00', 'admin'),
(6, 38, 86, '2019-08-15 02:07:00', 'admin', '2019-08-15 02:08:00', 'admin'),
(7, 22, 85, '2019-08-15 02:07:00', 'admin', '2019-08-15 02:08:00', 'admin'),
(8, 31, 83, '2019-08-15 02:07:00', 'admin', '2019-08-15 02:08:00', 'admin'),
(9, 24, 86, '2019-08-15 02:07:00', 'admin', '2019-08-15 02:08:00', 'admin'),
(10, 7, 61, '2019-08-15 02:07:00', 'admin', '2019-08-15 02:08:00', 'admin'),
(11, 29, 69, '2019-08-15 02:07:00', 'admin', '2019-08-15 02:08:00', 'admin'),
(12, 26, 69, '2019-08-15 02:07:00', 'admin', '2019-08-15 02:08:00', 'admin'),
(13, 30, 72, '2019-08-15 02:07:00', 'admin', '2019-08-15 02:08:00', 'admin'),
(14, 9, 72, '2019-08-15 02:07:00', 'admin', '2019-08-15 02:08:00', 'admin'),
(15, 21, 83, '2019-08-15 02:07:00', 'admin', '2019-08-15 02:08:00', 'admin'),
(16, 35, 69, '2019-08-15 02:07:00', 'admin', '2019-08-15 02:08:00', 'admin'),
(17, 12, 60, '2019-08-15 02:07:00', 'admin', '2019-08-15 02:08:00', 'admin'),
(18, 40, 83, '2019-08-15 02:07:00', 'admin', '2019-08-15 02:08:00', 'admin'),
(19, 36, 72, '2019-08-15 02:07:00', 'admin', '2019-08-15 02:08:00', 'admin'),
(20, 39, 81, '2019-08-15 02:07:00', 'admin', '2019-08-15 02:08:00', 'admin'),
(21, 11, 80, '2019-08-15 02:07:00', 'admin', '2019-08-15 02:08:00', 'admin'),
(22, 34, 85, '2019-08-15 02:07:00', 'admin', '2019-08-15 02:08:00', 'admin'),
(23, 32, 79, '2019-08-15 02:07:00', 'admin', '2019-08-15 02:08:00', 'admin'),
(24, 33, 84, '2019-08-15 02:07:00', 'admin', '2019-08-15 02:08:00', 'admin'),
(25, 4, 75, '2019-08-15 02:07:00', 'admin', '2019-08-15 02:08:00', 'admin'),
(26, 5, 83, '2019-08-15 02:07:00', 'admin', '2019-08-15 02:08:00', 'admin'),
(27, 6, 90, '2019-08-15 02:07:00', 'admin', '2019-08-15 02:09:00', 'admin'),
(28, 14, 73, '2019-08-15 02:07:00', 'admin', '2019-08-15 02:09:00', 'admin'),
(29, 17, 84, '2019-08-15 02:07:00', 'admin', '2019-08-15 02:09:00', 'admin'),
(30, 28, 75, '2019-08-15 02:07:00', 'admin', '2019-08-15 02:09:00', 'admin'),
(31, 16, 65, '2019-08-15 02:07:00', 'admin', '2019-08-15 02:09:00', 'admin'),
(32, 18, 82, '2019-08-15 02:07:00', 'admin', '2019-08-15 02:09:00', 'admin'),
(33, 13, 72, '2019-08-15 02:07:00', 'admin', '2019-08-15 02:09:00', 'admin'),
(34, 37, 75, '2019-08-15 02:07:00', 'admin', '2019-08-15 02:09:00', 'admin'),
(35, 15, 55, '2019-08-15 02:07:00', 'admin', '2019-08-15 02:09:00', 'admin'),
(36, 25, 68, '2019-08-15 02:07:00', 'admin', '2019-08-15 02:09:00', 'admin'),
(37, 27, 72, '2019-08-15 02:07:00', 'admin', '2019-08-15 02:09:00', 'admin'),
(38, 10, 74, '2019-08-15 02:07:00', 'admin', '2019-08-15 02:09:00', 'admin'),
(39, 19, 78, '2019-08-15 02:07:00', 'admin', '2019-08-15 02:09:00', 'admin'),
(40, 3, 65, '2019-08-15 02:07:00', 'admin', '2019-08-19 01:56:13', 'admin');

-- --------------------------------------------------------

--
-- Table structure for table `tbl_admin_tugas`
--

CREATE TABLE `tbl_admin_tugas` (
  `tugas_id` int(10) NOT NULL,
  `kelas_id` int(10) NOT NULL,
  `tugas_topik` int(3) NOT NULL,
  `tugas_nama` varchar(200) NOT NULL,
  `tugas_linkvideo` varchar(200) DEFAULT NULL,
  `tugas_file` varchar(200) DEFAULT NULL,
  `tugas_created` datetime NOT NULL DEFAULT CURRENT_TIMESTAMP,
  `tugas_creator` varchar(50) NOT NULL,
  `tugas_updated` datetime NOT NULL,
  `tugas_updater` varchar(50) NOT NULL
) ENGINE=InnoDB DEFAULT CHARSET=latin1 ROW_FORMAT=COMPACT;

--
-- Dumping data for table `tbl_admin_tugas`
--

INSERT INTO `tbl_admin_tugas` (`tugas_id`, `kelas_id`, `tugas_topik`, `tugas_nama`, `tugas_linkvideo`, `tugas_file`, `tugas_created`, `tugas_creator`, `tugas_updated`, `tugas_updater`) VALUES
(3, 1, 1, 'TUGAS TOPIK 1', '', 'TUGASTOPIK1.pdf', '2019-08-18 18:53:39', 'admin', '0000-00-00 00:00:00', ''),
(4, 1, 2, 'TUGAS TOPIK 2', '', 'TUGASTOPIK2.pdf', '2019-08-18 18:54:02', 'admin', '0000-00-00 00:00:00', ''),
(5, 1, 3, 'TUGAS TOPIK 3', '', 'TUGASTOPIK3.pdf', '2019-08-18 18:54:45', 'admin', '0000-00-00 00:00:00', ''),
(6, 1, 4, 'TUGAS TOPIK 4', '', 'TUGASTOPIK4.pdf', '2019-08-18 18:55:05', 'admin', '0000-00-00 00:00:00', '');

-- --------------------------------------------------------

--
-- Table structure for table `tbl_group`
--

CREATE TABLE `tbl_group` (
  `group_id` int(11) NOT NULL,
  `kelas_id` int(11) DEFAULT NULL,
  `topik_group` int(11) DEFAULT NULL,
  `jumlah_group` int(11) DEFAULT NULL,
  `group_created` datetime DEFAULT CURRENT_TIMESTAMP,
  `group_creator` varchar(50) DEFAULT NULL,
  `group_updated` datetime DEFAULT CURRENT_TIMESTAMP ON UPDATE CURRENT_TIMESTAMP,
  `group_updater` varchar(50) DEFAULT NULL
) ENGINE=InnoDB DEFAULT CHARSET=latin1;

--
-- Dumping data for table `tbl_group`
--

INSERT INTO `tbl_group` (`group_id`, `kelas_id`, `topik_group`, `jumlah_group`, `group_created`, `group_creator`, `group_updated`, `group_updater`) VALUES
(1, 1, 1, 8, '2019-08-18 18:44:36', 'admin', '2019-08-18 18:51:22', 'admin');

-- --------------------------------------------------------

--
-- Table structure for table `tbl_mahasiswa_nilai`
--

CREATE TABLE `tbl_mahasiswa_nilai` (
  `m_nilai_id` int(10) NOT NULL,
  `user_id` int(3) DEFAULT NULL,
  `m_nilai_ipk` double DEFAULT NULL,
  `m_nilai_algo` double DEFAULT NULL,
  `kelas_id` int(3) DEFAULT '1',
  `m_nilai_created` datetime DEFAULT CURRENT_TIMESTAMP,
  `m_nilai_creator` varchar(50) DEFAULT NULL,
  `m_nilai_updated` datetime DEFAULT CURRENT_TIMESTAMP ON UPDATE CURRENT_TIMESTAMP,
  `m_nilai_updater` varchar(50) DEFAULT NULL
) ENGINE=InnoDB DEFAULT CHARSET=latin1;

--
-- Dumping data for table `tbl_mahasiswa_nilai`
--

INSERT INTO `tbl_mahasiswa_nilai` (`m_nilai_id`, `user_id`, `m_nilai_ipk`, `m_nilai_algo`, `kelas_id`, `m_nilai_created`, `m_nilai_creator`, `m_nilai_updated`, `m_nilai_updater`) VALUES
(1, 1, 2.89, 3, 1, '2018-12-30 10:38:00', '1001', '2019-01-03 14:35:55', '1004'),
(2, 2, 2.73, 3, 1, '2018-12-30 10:38:00', '1002', '2018-12-30 10:38:00', '1002'),
(3, 3, 1.75, 1, 1, '2018-12-30 10:38:00', '1003', '2018-12-30 10:38:00', '1003'),
(4, 4, 3.27, 4, 1, '2018-12-30 10:38:00', '1004', '2018-12-30 10:38:00', '1004'),
(5, 5, 1.45, 1, 1, '2018-12-30 10:38:00', '1005', '2018-12-30 10:38:00', '1005'),
(6, 6, 3.18, 2, 1, '2018-12-30 10:38:00', '1006', '2018-12-30 10:38:00', '1006'),
(7, 7, 3.28, 2, 1, '2018-12-30 10:38:00', '1007', '2018-12-30 10:38:00', '1007'),
(8, 8, 3.18, 2, 1, '2018-12-30 10:38:00', '1008', '2018-12-30 10:38:00', '1008'),
(9, 9, 3.58, 3, 1, '2018-12-30 10:38:00', '1009', '2018-12-30 10:38:00', '1009'),
(10, 10, 3.57, 4, 1, '2018-12-30 10:38:00', '1010', '2018-12-30 10:38:00', '1010'),
(11, 11, 3.5, 4, 1, '2018-12-30 10:38:00', '1011', '2018-12-30 10:38:00', '1011'),
(12, 12, 3.23, 4, 1, '2018-12-30 10:38:00', '1012', '2018-12-30 10:38:00', '1012'),
(13, 13, 2.54, 3, 1, '2018-12-30 10:38:00', '1013', '2018-12-30 10:38:00', '1013'),
(14, 14, 3.61, 3, 1, '2018-12-30 10:38:00', '1014', '2018-12-30 10:38:00', '1014'),
(15, 15, 3.45, 3, 1, '2018-12-30 10:38:00', '1015', '2018-12-30 10:38:00', '1015'),
(16, 16, 1.68, 1, 1, '2018-12-30 10:38:00', '1016', '2018-12-30 10:38:00', '1016'),
(17, 17, 1.77, 2, 1, '2018-12-30 10:38:00', '1017', '2018-12-30 10:38:00', '1017'),
(18, 18, 3.11, 2, 1, '2018-12-30 10:38:00', '1018', '2018-12-30 10:38:00', '1018'),
(19, 19, 3.45, 2, 1, '2018-12-30 10:38:00', '1019', '2018-12-30 10:38:00', '1019'),
(20, 20, 3.34, 3, 1, '2018-12-30 10:38:00', '1020', '2018-12-30 10:38:00', '1020'),
(21, 21, 3.55, 3, 1, '2018-12-30 10:38:00', '1021', '2018-12-30 10:38:00', '1021'),
(22, 22, 3.48, 4, 1, '2018-12-30 10:38:00', '1022', '2018-12-30 10:38:00', '1022'),
(23, 23, 3.18, 4, 1, '2018-12-30 10:38:00', '1023', '2018-12-30 10:38:00', '1023'),
(24, 24, 3.32, 2, 1, '2018-12-30 10:38:00', '1024', '2018-12-30 10:38:00', '1024'),
(25, 25, 3.25, 3, 1, '2018-12-30 10:38:00', '1025', '2018-12-30 10:38:00', '1025'),
(26, 26, 3.27, 3, 1, '2018-12-30 10:38:00', '1026', '2018-12-30 10:38:00', '1026'),
(27, 27, 3.2, 3, 1, '2018-12-30 10:38:00', '1027', '2018-12-30 10:38:00', '1027'),
(28, 28, 2.55, 2, 1, '2018-12-30 10:38:00', '1028', '2018-12-30 10:38:00', '1028'),
(29, 29, 3.58, 3, 1, '2018-12-30 10:38:00', '1029', '2018-12-30 10:38:00', '1029'),
(30, 30, 3.5, 4, 1, '2018-12-30 10:38:00', '1030', '2018-12-30 10:38:00', '1030'),
(31, 31, 3.32, 2, 1, '2018-12-30 10:38:00', '1031', '2018-12-30 10:38:00', '1031'),
(32, 32, 2.77, 3, 1, '2018-12-30 10:38:00', '1032', '2018-12-30 10:38:00', '1032'),
(33, 33, 3.41, 3, 1, '2018-12-30 10:38:00', '1033', '2018-12-30 10:38:00', '1033'),
(34, 34, 3.05, 2, 1, '2018-12-30 10:38:00', '1034', '2018-12-30 10:38:00', '1034'),
(35, 35, 2.83, 1, 1, '2018-12-30 10:38:00', '1035', '2018-12-30 10:38:00', '1035'),
(36, 36, 3.38, 1, 1, '2018-12-30 10:38:00', '1036', '2018-12-30 10:38:00', '1036'),
(37, 37, 3.48, 4, 1, '2018-12-30 10:38:00', '1037', '2018-12-30 10:38:00', '1037'),
(38, 38, 3.39, 2, 1, '2018-12-30 10:38:00', '1038', '2018-12-30 10:38:00', '1038'),
(39, 39, 2.73, 1, 1, '2018-12-30 10:38:00', '1039', '2018-12-30 10:38:00', '1039'),
(40, 40, 3.16, 3, 1, '2018-12-30 10:38:00', '1040', '2018-12-30 10:38:00', '\"1040');

-- --------------------------------------------------------

--
-- Table structure for table `tbl_pretest`
--

CREATE TABLE `tbl_pretest` (
  `pretest_id` int(3) NOT NULL,
  `kelas_id` int(3) NOT NULL,
  `pretest_topik` int(3) NOT NULL,
  `pretest_nama` varchar(50) DEFAULT NULL,
  `pretest_waktu` int(11) DEFAULT NULL,
  `pretest_created` datetime DEFAULT CURRENT_TIMESTAMP,
  `pretest_creator` varchar(50) DEFAULT NULL,
  `pretest_updated` datetime DEFAULT CURRENT_TIMESTAMP ON UPDATE CURRENT_TIMESTAMP,
  `pretest_updater` varchar(50) DEFAULT NULL
) ENGINE=InnoDB DEFAULT CHARSET=latin1;

--
-- Dumping data for table `tbl_pretest`
--

INSERT INTO `tbl_pretest` (`pretest_id`, `kelas_id`, `pretest_topik`, `pretest_nama`, `pretest_waktu`, `pretest_created`, `pretest_creator`, `pretest_updated`, `pretest_updater`) VALUES
(9, 1, 1, 'Pretest 1', 20, '2019-08-18 18:57:34', NULL, '2019-08-18 19:59:24', NULL),
(10, 1, 2, 'Pretest 2', 20, '2019-08-18 19:59:13', NULL, '2019-08-18 19:59:13', NULL),
(11, 1, 3, 'Pretest 3', 20, '2019-08-20 19:38:44', NULL, '2019-08-20 19:38:44', NULL),
(12, 1, 4, 'Pretest 4', 20, '2019-08-20 20:03:50', NULL, '2019-08-20 20:46:54', NULL),
(13, 1, 0, 'Ujian Tengah Semester', 80, '2019-08-20 20:24:46', NULL, '2019-08-20 20:49:41', NULL);

-- --------------------------------------------------------

--
-- Table structure for table `tbl_soal`
--

CREATE TABLE `tbl_soal` (
  `id_soal` int(5) NOT NULL,
  `pretest_id` int(3) NOT NULL,
  `soal` text NOT NULL,
  `a` varchar(30) NOT NULL,
  `b` varchar(30) NOT NULL,
  `c` varchar(30) NOT NULL,
  `d` varchar(30) NOT NULL,
  `e` varchar(30) NOT NULL,
  `soal_jawaban` varchar(30) NOT NULL,
  `soal_gambar` varchar(100) NOT NULL,
  `soal_created` datetime NOT NULL DEFAULT CURRENT_TIMESTAMP,
  `soal_creator` varchar(50) NOT NULL,
  `soal_updated` datetime NOT NULL DEFAULT CURRENT_TIMESTAMP ON UPDATE CURRENT_TIMESTAMP,
  `soal_updater` varchar(50) NOT NULL
) ENGINE=InnoDB DEFAULT CHARSET=latin1;

--
-- Dumping data for table `tbl_soal`
--

INSERT INTO `tbl_soal` (`id_soal`, `pretest_id`, `soal`, `a`, `b`, `c`, `d`, `e`, `soal_jawaban`, `soal_gambar`, `soal_created`, `soal_creator`, `soal_updated`, `soal_updater`) VALUES
(26, 9, 'Penulisan algoritma yang menggunakan sintaks (cara penulisan) menyerupai bahasa pemograman disebut?', 'Coding', 'Pseudocode', 'Flowchart', 'Data flow', 'Terminator', 'Pseudocode', '', '2019-08-18 19:04:59', '', '2019-08-18 19:04:59', ''),
(27, 9, 'Variable logika yang berhubungan dengan OR,AND, dan NOT merupakan variable dari tipe data?', 'String', 'Numerik', 'Boolean', 'Array', 'Int', 'Boolean', '', '2019-08-18 19:15:28', '', '2019-08-18 19:15:28', ''),
(28, 9, 'Tipe data yang memungkinkan sebuah variable mengandung banyak nilai dalam suatu waktu adalah?', 'Boolean', 'Int', 'Array', 'String', 'Logika', 'Array', '', '2019-08-18 19:18:22', '', '2019-08-18 19:18:22', ''),
(29, 9, 'Pada tipe data boolean berlaku operator-operator, pilih salah satu dari beberapa operator yang BUKAN berupa perulangan?', 'For', 'Do... While', 'While', 'Return', 'Else', 'Else', '', '2019-08-18 19:40:32', '', '2019-08-18 19:40:32', ''),
(30, 9, 'Berikut ini variabel yang pasti memiki tipe data integer yaitu ', 'PanjangBalok', 'LuasPersegi', 'TotalGaji', 'JumlahAnak', 'NilaiTertinggi', 'JumlahAnak', '', '2019-08-18 19:43:07', '', '2019-08-18 19:43:07', ''),
(31, 9, 'Berikut ini pernyataan yang benar mengenai pseudocode kecuali...', 'Menggunakan bahasa mirip bahas', 'Bahasanya harus baku, tidak bo', 'Memudahkan implementasi ke bah', 'Menggunakan kata-kata kunci se', 'Dapat diubah ke bahasa natural', 'Bahasanya harus baku, tidak bo', '', '2019-08-18 19:45:12', '', '2019-08-18 19:45:12', ''),
(32, 9, 'Jika <kondisi> bernilai benar maka pernyataan dikerjakan, sedangkan jika tidak, maka pernyataan tidak dikerjakan dan proses langsung keluar dari percabangan adalah penjelasan dari percabangan ....', '1 kondisi', '2 kondisi', 'Lebih dari 2 kondisi', 'Percabangan bersarang', 'Perulangan', '1 kondisi', '', '2019-08-18 19:49:04', '', '2019-08-18 19:49:04', ''),
(33, 9, 'Jika <kondisi1> dicek nilai kebenarannya. Jika benar, maka dikerjakan pernyataan1. Jika salah, maka dicek nilai kebenaran <kondisi2>. Jika <kondisi2> benar, maka dikerjakan pernyataan2. Jika tidak algoritma akan mengecek ke kondisi berikutnya dengan cara yang sama dengan yang sebelumnya. Terakhir, jika semua kondisi bernilai salah, maka pernyataan yang dikerjakan adalah Pernyataan(n+1). Hal tersebut adalah penjelasan dari percabangan...', '1 kondisi', '2 kondisi', 'Lebih dari 2 kondisi', 'Percabangan bersarang', 'Perulangan', 'Lebih dari 2 kondisi', '', '2019-08-18 19:50:28', '', '2019-08-18 19:50:28', ''),
(34, 9, 'Berikut ini pernyataan yang benar mengenai algoritma perulangan dengan pencacah turun,kecuali ....', 'Dapat dikonversikan dalam bent', 'Dapat menggunakan variabel ber', 'Banyaknya iterasi sudah ditent', 'Tidak dapat diubah dalam bentu', 'Dapat digunakan sebagai algori', 'Dapat menggunakan variabel ber', '', '2019-08-18 19:56:06', '', '2019-08-18 19:56:06', ''),
(35, 9, 'Terdapat algoritma berikut.\r\n1)	READ nama\r\n2)	READ OmsetJual\r\n3)	READ GajiPokok\r\n4)	Bonus =0\r\n5)	IF (OmsetJual)>100 THEN\r\n6)	Bonus = 1% x OmsetJual\r\n7)	TotalGaji=GajiPokok + Bonus\r\n8)	WRITE TotalGaji\r\n', 'Nilai awal bonus adalah 0', 'Bonus adalah 1% dari omset jua', 'Bonus diberikan jika omset jua', 'Bonus diberikan jika omset jua', 'Total gaji adalah gaji pokok d', 'Bonus diberikan jika omset jua', '', '2019-08-18 19:57:45', '', '2019-08-18 19:57:45', ''),
(36, 10, 'Tipe data terstruktur yang terdiri dari sejumlah komponen ,komponen yang mempunyai tipe sama,disebut tipe data...', 'Array', 'Byte', 'Longint', 'Integer', 'Boolean ', 'Array', '', '2019-08-18 20:02:17', '', '2019-08-18 20:02:17', ''),
(37, 10, 'Array terdiri dari berbagai tipe kecuali ', 'Array Multi-Dimensi', 'Array Dimensi Satu', 'Array Dimensi Tiga', 'Array Dimensi Dua', 'Semua jawaban benar ', 'Array Multi-Dimensi', '', '2019-08-18 20:04:04', '', '2019-08-18 20:04:04', ''),
(38, 10, 'Array yang terdiri dari m buah baris (row) dan n buah kolom (column) adalah .', 'Array satu dimensi', 'Variabel', 'Integer', 'Array dua dimensi', 'Array multidimensi ', 'Array satu dimensi', '', '2019-08-18 20:11:02', '', '2019-08-18 20:11:02', ''),
(39, 10, 'Di bawah ini yang bukan termasuk teknik pengurutan data adalah.', 'Bubble sort.', 'Tree sort.', 'Selection sort.', 'Merge sort.', 'Head sort.', 'Merge sort.', '', '2019-08-18 20:12:28', '', '2019-08-18 20:12:28', ''),
(40, 10, 'Tentukan bilangan dengan index terkecil, lalu tukar dengan bilangan pertama, merupakan prosedur dari teknik sorting .', 'Bubble', 'Quick', 'Selection', 'Insertion', 'Merge ', 'Selection', '', '2019-08-18 20:13:54', '', '2019-08-18 20:13:54', ''),
(41, 10, 'Ada 2 macam jenis sorting, yaitu :', 'String & Ascending', 'Boolean & String', 'Boolean & Descending ', 'Ascending & Descending ', 'String & Descending', 'Ascending & Descending ', '', '2019-08-18 20:15:09', '', '2019-08-18 20:15:09', ''),
(42, 10, 'Berikut ini beberapa tujuan dari sorting, kecuali :', 'Memudahkan pencarian', 'Mudah pengecekan', 'Memanipulasi pencarian', 'Mudah perbaiki kesalahan', 'Memanipulasi pengecekan', 'Memanipulasi pencarian', '', '2019-08-18 20:16:28', '', '2019-08-18 20:16:28', ''),
(43, 10, 'Berikut ini contoh yang benar dari sorting ascending adalah :', '1, 2, 3, 4, 5', '2, 4, 6, 8, 10', '10, 9, 8, 7, 6', '10, 8, 6, 4, 2', '10, 8, 3, 4, 5', '1, 2, 3, 4, 5', '', '2019-08-18 20:17:41', '', '2019-08-18 20:17:41', ''),
(44, 10, 'Berikut ini contoh yang benar dari sorting descending adalah :', '1, 2, 3, 4, 5', '2, 4, 6, 8, 10', '10, 9, 8, 7, 6', '10, 8, 6, 4, 2', '1, 2, 3, 6, 4, 2', '2, 4, 6, 8, 10', '', '2019-08-18 20:18:57', '', '2019-08-18 20:18:57', ''),
(45, 10, 'Teknik sorting insertion sort memulai proses perbandingan dari elemen data ke ', 'satu, ', 'dua,', 'tiga, ', 'sembarang tempat;', 'empat,', 'sembarang tempat;', '', '2019-08-18 20:20:13', '', '2019-08-18 20:20:13', ''),
(46, 11, 'Diketahui suatu deklarasi variabel int x,y,*z; variabel yang merupakan penunjuk ke pointer adalah ', 'x', 'yc. Z', 'x dan y', 'y', '', 'yc. Z', '', '2019-08-20 19:42:04', '', '2019-08-20 19:42:04', ''),
(47, 11, 'Perintah yang tepat untuk mempersiapkan sebuah node baru berserta alokasi memorinya, adalah ', 'Create', 'Input', 'New', 'Insert', '', 'New', '', '2019-08-20 19:43:32', '', '2019-08-20 19:43:32', ''),
(48, 11, 'Jika pada stack terdapat kondisi TOP of STACK = MAX_STACK  1 maka stack berada dalam keadaan ', 'ISEMPTY', 'CLEAR', 'TOP', 'FULL', '', 'FULL', '', '2019-08-20 19:44:50', '', '2019-08-20 19:44:50', ''),
(49, 11, 'Gambar diatas menunjukkan bentuk penghapusan node pada ', 'Belakang', 'Depan', 'Tengah', 'Depan dan Belakang', '', 'Depan', '', '2019-08-20 19:46:11', '', '2019-08-20 19:46:11', ''),
(50, 11, 'Operasi Stack yang digunakan untuk memeriksa apakah stack sudah penuh, ', 'PUSH', 'POP', 'CLEAR', 'ISFULL', '', 'ISFULL', '', '2019-08-20 19:47:22', '', '2019-08-20 19:47:22', ''),
(51, 11, 'Suatu perubah yang akan dialokasikan hanya pada saat diperlukan, yaitu setelah program dieksekusi arti dari ', 'Perubah Dinamis (Dinamic varia', 'Perubah Statis', 'Perubah logika', 'Perubah detail', '', 'Perubah Dinamis (Dinamic varia', '', '2019-08-20 19:48:29', '', '2019-08-20 19:48:29', ''),
(52, 11, 'Digunakan sebagai penunjuk ke suatu alamat memori adalah ', 'Pointer', 'Linked List', 'Stack', 'Queue', '', 'Pointer', '', '2019-08-20 19:49:39', '', '2019-08-20 19:49:39', ''),
(53, 11, 'Salah satu Struktur Data Dinamis yang paling sederhana ', 'Pointer', 'Linked List (Senari Berantai)', 'Stack', 'Queue', '', 'Linked List (Senari Berantai)', '', '2019-08-20 19:51:13', '', '2019-08-20 19:51:13', ''),
(54, 11, 'Linked List disebut juga dengan senari satu arah atau ', 'One-way list', 'Two list', 'One on one', 'Three in one', '', 'One-way list', '', '2019-08-20 20:00:07', '', '2019-08-20 20:00:07', ''),
(55, 11, 'Pada saat awal, Top of Stack selalu bernilai ', 'Top = 0', 'Top = 1', 'Top = -1', 'Top = Max_Stack', '', 'Top = -1', '', '2019-08-20 20:01:24', '', '2019-08-20 20:01:24', ''),
(56, 12, 'Pencarian data dengan metode Binary search akan berhenti bila data yang dicari sudah ditemukan, yaitu pada kondisi', 'Cari < data[m] ', 'Cari = data[m] ', 'Cari <> data[m]', 'Cari > data[m] ', '', 'Cari = data[m] ', '', '2019-08-20 20:05:36', '', '2019-08-20 20:05:36', ''),
(57, 12, 'Suatu teknik pencarian data dalam array dimensi 1 yang akan menelusuri semua elemen array dari awal sampai akhir, dimana data-data tidak perlu diurutkan terlebih dahulu (acak) adalah metode ', 'Linier Searching', 'Sequential Searching ', 'Binary searching ', 'A, B dan C benar ', '', 'A, B dan C benar ', '', '2019-08-20 20:06:49', '', '2019-08-20 20:06:49', ''),
(58, 12, 'Bila diketahui urutan data sebagai berikut : 5 10 15 20 25 Pencarian data 10 dengan metode Binary dapat diselesaikan pada langkah ke', '1', '2', '3', '4', '', '2', '', '2019-08-20 20:07:28', '', '2019-08-20 20:07:28', ''),
(59, 12, 'Graph yang memiliki ruas sejajar dan gelung disebut ', 'Gelung/self loop ', 'Graph sederhana ', 'Multigraph ', 'Euler graph ', '', 'Multigraph ', '', '2019-08-20 20:08:44', '', '2019-08-20 20:08:44', ''),
(60, 12, 'Perjalanan (Walk) dalam suatu graph akan disebut tertutup bila ', 'V1 = Vn ', 'V1 = V(n-1) ', 'Vn = V(n-1) ', 'V1 = 0 ', '', 'V1 = Vn ', '', '2019-08-20 20:10:18', '', '2019-08-20 20:10:18', ''),
(61, 12, 'Bila diketahui banyaknya ruas pada suatu graph = 7, maka jumlah derajat Graph-nya adalah ', '14', '49', '6', '21', '', '14', '', '2019-08-20 20:10:57', '', '2019-08-20 20:10:57', ''),
(62, 12, 'Bila diketahui jumlah derajat semua simpul pada suatu graph adalah 20, maka banyaknya ruas pada graph tersebut adalah ', '19', '21', '40', '10', '', '10', '', '2019-08-20 20:11:45', '', '2019-08-20 20:11:45', ''),
(63, 12, 'Dari gambar diatas, yang termasuk TRAIL adalah ', 'a,b,c,h,g,d,a', 'a,b,h,k,f,g,b ', 'a,e,f,k,h,c,d ', 'a,d,g,k,f,d,b ', '', 'a,e,f,k,h,c,d ', '', '2019-08-20 20:19:30', '', '2019-08-20 20:19:30', ''),
(64, 12, 'Matriks penyajian graph yang menghubungkan vertex dengan vertex, tanpa ruas sejajar, disebut matriks', 'Incidence ', 'Undirected Graph ', 'Adjacency ', 'Semua jawaban salah ', '', 'Adjacency ', '', '2019-08-20 20:21:11', '', '2019-08-20 20:21:11', ''),
(65, 12, 'Maksimum jumlah busur dari n simpul dalam Directed Graph ', 'n ( n - 1) / 2 ', '(n  1) / 2 ', 'n ( n - 1) ', '(n  1) + 2 ', '', 'n ( n - 1) ', '', '2019-08-20 20:22:44', '', '2019-08-20 20:22:44', ''),
(67, 13, 'Pada tipe data boolean berlaku operator-operator, pilih salah satu dari beberapa operator yang BUKAN berupa perulangan?', 'For', 'Do... While', 'While', 'Return', 'Else', 'Else', '', '2019-08-20 21:40:52', '', '2019-08-20 21:40:52', ''),
(68, 13, 'Berikut ini pernyataan yang benar mengenai pseudocode kecuali...', 'Menggunakan bahasa mirip bahas', 'Bahasanya harus baku, tidak bo', 'Memudahkan implementasi ke bah', 'Menggunakan kata-kata kunci se', 'Dapat diubah ke bahasa natural', 'Bahasanya harus baku, tidak bo', '', '2019-08-20 21:42:20', '', '2019-08-20 21:42:20', ''),
(69, 13, 'Penulisan algoritma yang menggunakan sintaks (cara penulisan) menyerupai bahasa pemograman disebut?', 'Coding', 'Pseudocode', 'Flowchart', 'Data flow', 'Terminator', 'Pseudocode', '', '2019-08-20 21:43:34', '', '2019-08-20 21:43:34', ''),
(70, 13, 'Jika <kondisi> bernilai benar maka pernyataan dikerjakan, sedangkan jika tidak, maka pernyataan tidak dikerjakan dan proses langsung keluar dari percabangan adalah penjelasan dari percabangan ', '1 kondisi', '2 kondisi', 'Lebih dari 2 kondisi', 'Percabangan bersarang', 'Lebih dari 2 kondisi bersarang', '1 kondisi', '', '2019-08-20 21:47:36', '', '2019-08-20 21:47:36', ''),
(71, 13, 'Variable logika yang berhubungan dengan OR,AND, dan NOT merupakan variable dari tipe data?', 'String', 'Numerik', 'Boolean', 'Array', 'Int', 'Numerik', '', '2019-08-20 21:49:33', '', '2019-08-20 21:49:33', ''),
(72, 13, 'Tipe data yang memungkinkan sebuah variable mengandung banyak nilai dalam suatu waktu adalah?', 'Boolean', 'Int', 'Array', 'String', 'Logika', 'Array', '', '2019-08-20 21:50:56', '', '2019-08-20 21:50:56', ''),
(73, 13, 'Berikut ini variabel yang pasti memiki tipe data integer yaitu ', 'PanjangBalok', 'LuasPersegi', 'TotalGaji', 'JumlahAnak', 'NilaiTertinggi', 'JumlahAnak', '', '2019-08-20 21:52:14', '', '2019-08-20 21:52:14', ''),
(74, 13, 'Jika <kondisi1> dicek nilai kebenarannya. Jika benar, maka dikerjakan pernyataan1. Jika salah, maka dicek nilai kebenaran <kondisi2>. Jika <kondisi2> benar, maka dikerjakan pernyataan2. Jika tidak algoritma akan mengecek ke kondisi berikutnya dengan cara yang sama dengan yang sebelumnya. Terakhir, jika semua kondisi bernilai salah, maka pernyataan yang dikerjakan adalah Pernyataan(n+1). Hal tersebut adalah penjelasan dari percabangan...', '1 kondisi', '2 kondisi', 'Lebih dari 2 kondisi', 'Percabangan bersarang', 'Perulangan', 'Lebih dari 2 kondisi', '', '2019-08-20 21:53:43', '', '2019-08-20 21:53:43', ''),
(75, 13, 'Tipe data terstruktur yang terdiri dari sejumlah komponen ,komponen yang mempunyai tipe sama,disebut tipe data', 'Array', 'Byte', 'Longint', 'Integer', 'Boolean ', 'Array', '', '2019-08-20 21:55:13', '', '2019-08-20 21:55:13', ''),
(76, 13, 'Array terdiri dari berbagai tipe kecuali ', 'Array Multi-Dimensi', 'Array Dimensi Satu', 'Array Dimensi Tiga', 'Array Dimensi Dua', 'Semua jawaban benar ', 'Array Multi-Dimensi', '', '2019-08-20 21:56:38', '', '2019-08-20 21:56:38', ''),
(77, 13, 'Array yang terdiri dari m buah baris (row) dan n buah kolom (column) adalah ', 'Array satu dimensi', 'Variabel', 'Integer', 'Array dua dimensi', 'Array multidimensi ', 'Array satu dimensi', '', '2019-08-20 21:58:02', '', '2019-08-20 21:58:02', ''),
(78, 13, 'Di bawah ini yang bukan termasuk teknik pengurutan data adalah', 'Bubble sort.', 'Tree sort.', 'Selection sort.', 'Merge sort.', 'Head sort.', 'Merge sort.', '', '2019-08-20 21:59:25', '', '2019-08-20 21:59:25', ''),
(79, 13, 'Tentukan bilangan dengan index terkecil, lalu tukar dengan bilangan pertama, merupakan prosedur dari teknik sorting ', 'Bubble', 'Quick', 'Selection', 'Insertion', 'Merge ', 'Selection', '', '2019-08-20 22:00:34', '', '2019-08-20 22:00:34', ''),
(80, 13, 'Terdapat algoritma berikut.\r\n1)	READ nama\r\n2)	READ OmsetJual\r\n3)	READ GajiPokok\r\n4)	Bonus =0\r\n5)	IF (OmsetJual)>100 THEN\r\n6)	Bonus = 1% x OmsetJual\r\n7)	TotalGaji=GajiPokok + Bonus\r\n8)	WRITE TotalGaji\r\nPenjelasan yang tidak sesuai dengan algoitma di atas adalah.....\r\n', 'Nilai awal bonus adalah 0', 'Bonus adalah 1% dari omset jua', 'Bonus diberikan jika omset jua', 'Bonus diberikan jika omset jua', 'Total gaji adalah gaji pokok d', 'Bonus adalah 1% dari omset jua', '', '2019-08-20 22:03:21', '', '2019-08-20 22:03:21', ''),
(81, 13, 'Ada 2 macam jenis sorting, yaitu :', 'String & Ascending', 'Boolean & String', 'Boolean & Descending ', 'Ascending & Descending ', 'String & Descending', 'Ascending & Descending ', '', '2019-08-20 22:06:59', '', '2019-08-20 22:06:59', ''),
(82, 13, 'Berikut ini beberapa tujuan dari sorting, kecuali :', 'Memudahkan pencarian', 'Mudah pengecekan', 'Memanipulasi pencarian', 'Mudah perbaiki kesalahan', 'Memanipulasi pengecekan', 'Memanipulasi pencarian', '', '2019-08-20 22:08:10', '', '2019-08-20 22:08:10', ''),
(83, 13, 'Berikut ini contoh yang benar dari sorting ascending adalah ', '1, 2, 3, 4, 5', '2, 4, 6, 8, 10', '10, 9, 8, 7, 6', '10, 8, 6, 4, 2', '10, 8, 3, 4, 5', '1, 2, 3, 4, 5', '', '2019-08-20 22:10:02', '', '2019-08-20 22:10:02', ''),
(84, 13, 'Berikut ini contoh yang benar dari sorting descending adalah ', '1, 2, 3, 4, 5', '2, 4, 6, 8, 10', '10, 9, 8, 7, 6', '10, 8, 6, 4, 2', '1, 2, 3, 6, 4, 2', '2, 4, 6, 8, 10', '', '2019-08-20 22:11:38', '', '2019-08-20 22:11:38', ''),
(85, 13, 'Teknik sorting insertion sort memulai proses perbandingan dari elemen data ke ', 'satu, ', 'dua,', 'tiga, ', 'sembarang tempat;', 'empat,', 'sembarang tempat;', '', '2019-08-20 22:12:47', '', '2019-08-20 22:12:47', ''),
(86, 13, 'Berikut ini pernyataan yang benar mengenai algoritma perulangan dengan pencacah turun,kecuali ....', 'Dapat dikonversikan dalam bent', 'Dapat menggunakan variabel ber', 'Banyaknya iterasi sudah ditent', 'Tidak dapat diubah dalam bentu', 'Dapat digunakan sebagai algori', 'Dapat menggunakan variabel ber', '', '2019-08-20 22:14:45', '', '2019-08-20 22:14:45', '');

-- --------------------------------------------------------

--
-- Table structure for table `tbl_users`
--

CREATE TABLE `tbl_users` (
  `user_id` int(10) NOT NULL,
  `user_nim` varchar(50) DEFAULT NULL,
  `user_fullname` varchar(200) DEFAULT NULL,
  `user_password` varchar(200) DEFAULT NULL,
  `user_email` varchar(200) DEFAULT NULL,
  `user_semester` int(10) DEFAULT NULL,
  `user_level` enum('admin','mahasiswa') DEFAULT 'mahasiswa',
  `user_aktif` int(10) DEFAULT '0',
  `user_image` varchar(50) DEFAULT 'user.png',
  `user_created` datetime DEFAULT CURRENT_TIMESTAMP,
  `user_creator` varchar(50) DEFAULT NULL,
  `user_updated` datetime DEFAULT CURRENT_TIMESTAMP ON UPDATE CURRENT_TIMESTAMP,
  `user_updater` varchar(50) DEFAULT NULL
) ENGINE=InnoDB DEFAULT CHARSET=latin1;

--
-- Dumping data for table `tbl_users`
--

INSERT INTO `tbl_users` (`user_id`, `user_nim`, `user_fullname`, `user_password`, `user_email`, `user_semester`, `user_level`, `user_aktif`, `user_image`, `user_created`, `user_creator`, `user_updated`, `user_updater`) VALUES
(0, 'admin', 'Yogi Yunefri', '21232f297a57a5a743894a0e4a801fc3', 'yogiyunefri@unilak.ac.id', 1, 'admin', 1, 'user.png', '2018-12-27 10:08:19', 'jabbar', '2019-08-18 05:25:40', 'admin'),
(1, '1004', 'Boby Alfindo', '5787be38ee03a9ae5360f54d9026465f', 'boby.alfindo@mail.com', 1, 'mahasiswa', 1, 'avatar.png', '2018-12-27 10:08:00', '123456', '2019-01-03 19:13:19', '123456'),
(2, '1005', 'Cahyo Albi Sobirin', '5787be38ee03a9ae5360f54d9026465f', 'cahyo.albi.sobirin@mail.com', 1, 'mahasiswa', 1, 'user.png', '2018-12-27 10:08:00', '123456', '2019-08-18 07:19:31', 'admin'),
(3, '1040', 'Yan Pramana', '5787be38ee03a9ae5360f54d9026465f', 'yan.pramana@mail.com', 1, 'mahasiswa', 0, 'user.png', '2018-12-27 10:08:00', '123456', '2019-01-03 19:13:21', '123456'),
(4, '1025', 'Nasrudin', '5787be38ee03a9ae5360f54d9026465f', 'nasrudin@mail.com', 1, 'mahasiswa', 1, 'user.png', '2018-12-27 10:08:00', '123456', '2019-01-03 19:13:21', '123456'),
(5, '1026', 'Nopri Medya Putra', '5787be38ee03a9ae5360f54d9026465f', 'nopri.medya.putra@mail.com', 1, 'mahasiswa', 1, 'user.png', '2018-12-27 10:08:00', '123456', '2019-01-03 19:13:21', '123456'),
(6, '1027', 'Nuraini', '5787be38ee03a9ae5360f54d9026465f', 'nuraini@mail.com', 1, 'mahasiswa', 1, 'user.png', '2018-12-27 10:08:00', '123456', '2019-01-03 19:13:22', '123456'),
(7, '1010', 'Ella Tri Wulandari', '5787be38ee03a9ae5360f54d9026465f', 'ella.tri.wulandari@mail.com', 1, 'mahasiswa', 1, 'user.png', '2018-12-27 10:08:00', '123456', '2019-01-03 19:13:23', '123456'),
(8, '1001', 'Agung Pratama', '5787be38ee03a9ae5360f54d9026465f', 'agung.pratama@mail.com', 1, 'mahasiswa', 1, 'user.png', '2018-12-27 10:08:00', '123456', '2019-01-03 19:28:24', '1001'),
(9, '1014', 'Fitriwahyuni', '5787be38ee03a9ae5360f54d9026465f', 'fitriwahyuni@mail.com', 1, 'mahasiswa', 1, 'user.png', '2018-12-27 10:08:00', '123456', '2019-01-03 19:13:25', '123456'),
(10, '1038', 'Sri Wahyuni', '5787be38ee03a9ae5360f54d9026465f', 'sri.wahyuni@mail.com', 1, 'mahasiswa', 1, 'user.png', '2018-12-27 10:08:00', '123456', '2019-01-03 19:13:24', '123456'),
(11, '1020', 'Maimunah', '5787be38ee03a9ae5360f54d9026465f', 'maimunah@mail.com', 1, 'mahasiswa', 1, 'user.png', '2018-12-27 10:08:00', '123456', '2019-01-03 19:13:26', '123456'),
(12, '1017', 'Irpan Siregar', '5787be38ee03a9ae5360f54d9026465f', 'irpan.siregar@mail.com', 1, 'mahasiswa', 1, 'user.png', '2018-12-27 10:08:00', '123456', '2019-01-03 19:13:26', '123456'),
(13, '1033', 'Rizki Hadinata', '5787be38ee03a9ae5360f54d9026465f', 'rizki.hadinata@mail.com', 1, 'mahasiswa', 1, 'user.png', '2018-12-27 10:08:00', '123456', '2019-01-03 19:13:27', '123456'),
(14, '1028', 'Raffi Mustafa', '5787be38ee03a9ae5360f54d9026465f', 'raffi.mustafa@mail.com', 1, 'mahasiswa', 1, 'user.png', '2018-12-27 10:08:00', '123456', '2019-01-03 19:13:27', '123456'),
(15, '1035', 'Said Abdul Hakim', '5787be38ee03a9ae5360f54d9026465f', 'said.abdul.hakim@mail.com', 1, 'mahasiswa', 1, 'user.png', '2018-12-27 10:08:00', '123456', '2019-01-03 19:13:28', '123456'),
(16, '1031', 'Riski Ridho Saputra', '5787be38ee03a9ae5360f54d9026465f', 'riski.ridho.saputra@mail.com', 1, 'mahasiswa', 1, 'user.png', '2018-12-27 10:08:00', '123456', '2019-01-03 19:13:28', '123456'),
(17, '1029', 'Resky Ramadhan', '5787be38ee03a9ae5360f54d9026465f', 'resky.ramadhan@mail.com', 1, 'mahasiswa', 1, 'user.png', '2018-12-27 10:08:00', '123456', '2019-01-03 19:13:29', '123456'),
(18, '1032', 'Riyan Fanda', '5787be38ee03a9ae5360f54d9026465f', 'riyan.fanda@mail.com', 1, 'mahasiswa', 1, 'user.png', '2018-12-27 10:08:00', '123456', '2019-01-03 19:13:29', '123456'),
(19, '1039', 'Tulus Parmonangan. S', '5787be38ee03a9ae5360f54d9026465f', 'tulus.parmonangan..s@mail.com', 1, 'mahasiswa', 1, 'user.png', '2018-12-27 10:08:00', '123456', '2019-01-03 19:13:30', '123456'),
(20, '1003', 'Azwan', '5787be38ee03a9ae5360f54d9026465f', 'azwan@mail.com', 1, 'mahasiswa', 1, 'user.png', '2018-12-27 10:08:00', '123456', '2019-01-03 19:13:30', '123456'),
(21, '1015', 'Harisa', '5787be38ee03a9ae5360f54d9026465f', 'harisa@mail.com', 1, 'mahasiswa', 1, 'user.png', '2018-12-27 10:08:00', '123456', '2019-01-03 19:13:31', '123456'),
(22, '1007', 'Dani Rifaldi', '5787be38ee03a9ae5360f54d9026465f', 'dani.rifaldi@mail.com', 1, 'mahasiswa', 1, 'user.png', '2018-12-27 10:08:00', '123456', '2019-01-03 19:13:31', '123456'),
(23, '1002', 'Anshori', '5787be38ee03a9ae5360f54d9026465f', 'anshori@mail.com', 1, 'mahasiswa', 1, 'user.png', '2018-12-27 10:08:00', '123456', '2019-01-03 19:13:32', '123456'),
(24, '1009', 'Donna Ayu Sabilla', '5787be38ee03a9ae5360f54d9026465f', 'donna.ayu.sabilla@mail.com', 1, 'mahasiswa', 1, 'user.png', '2018-12-27 10:08:00', '123456', '2019-01-03 19:13:32', '123456'),
(25, '1036', 'Satrio Wahyu Nugroho', '5787be38ee03a9ae5360f54d9026465f', 'satrio.wahyu.nugroho@mail.com', 1, 'mahasiswa', 1, 'user.png', '2018-12-27 10:08:00', '123456', '2019-01-03 19:13:33', '123456'),
(26, '1012', 'Fela Karela', '5787be38ee03a9ae5360f54d9026465f', 'fela.karela@mail.com', 1, 'mahasiswa', 1, 'user.png', '2018-12-27 10:08:00', '123456', '2019-01-03 19:13:33', '123456'),
(27, '1037', 'Sopriaman Zai', '5787be38ee03a9ae5360f54d9026465f', 'sopriaman.zai@mail.com', 1, 'mahasiswa', 1, 'user.png', '2018-12-27 10:08:00', '123456', '2019-01-03 19:13:34', '123456'),
(28, '1030', 'Ridho Hidayat', '5787be38ee03a9ae5360f54d9026465f', 'ridho.hidayat@mail.com', 1, 'mahasiswa', 1, 'user.png', '2018-12-27 10:08:00', '123456', '2019-01-03 19:13:37', '123456'),
(29, '1011', 'Fahreza Kamal', '5787be38ee03a9ae5360f54d9026465f', 'fahreza.kamal@mail.com', 1, 'mahasiswa', 1, 'user.png', '2018-12-27 10:08:00', '123456', '2019-01-03 19:13:35', '123456'),
(30, '1013', 'Firman Hidayat', '5787be38ee03a9ae5360f54d9026465f', 'firman.hidayat@mail.com', 1, 'mahasiswa', 1, 'user.png', '2018-12-27 10:08:00', '123456', '2019-01-03 19:13:38', '123456'),
(31, '1008', 'Denni Suprayugo', '5787be38ee03a9ae5360f54d9026465f', 'denni.suprayugo@mail.com', 1, 'mahasiswa', 1, 'user.png', '2018-12-27 10:08:00', '123456', '2019-01-03 19:13:39', '123456'),
(32, '1022', 'Muhammad Afridel', '5787be38ee03a9ae5360f54d9026465f', 'muhammad.afridel@mail.com', 1, 'mahasiswa', 1, 'user.png', '2018-12-27 10:08:00', '123456', '2019-01-03 19:13:39', '123456'),
(33, '1023', 'Muhammad Aldi Febrian', '5787be38ee03a9ae5360f54d9026465f', 'muhammad.aldi.febrian@mail.com', 1, 'mahasiswa', 1, 'user.png', '2018-12-27 10:08:00', '123456', '2019-01-03 19:13:40', '123456'),
(34, '1021', 'Muhammad Ade Razik', '5787be38ee03a9ae5360f54d9026465f', 'muhammad.ade.razik@mail.com', 1, 'mahasiswa', 1, 'user.png', '2018-12-27 10:08:00', '123456', '2019-01-03 19:13:40', '123456'),
(35, '1016', 'Ikbal Ramadani', '5787be38ee03a9ae5360f54d9026465f', 'ikbal.ramadani@mail.com', 1, 'mahasiswa', 1, 'user.png', '2018-12-27 10:08:00', '123456', '2019-01-03 19:13:41', '123456'),
(36, '1019', 'Kerfian Sapto Raharjo', '5787be38ee03a9ae5360f54d9026465f', 'kerfian.sapto.raharjo@mail.com', 1, 'mahasiswa', 1, 'user.png', '2018-12-27 10:08:00', '123456', '2019-01-03 19:13:41', '123456'),
(37, '1034', 'Rizqi Saputri', '5787be38ee03a9ae5360f54d9026465f', 'rizqi.saputri@mail.com', 1, 'mahasiswa', 1, 'user.png', '2018-12-27 10:08:00', '123456', '2019-01-03 19:13:42', '123456'),
(38, '1006', 'Dadang Ahmad Sholeh', '5787be38ee03a9ae5360f54d9026465f', 'dadang.ahmad.sholeh@mail.com', 1, 'mahasiswa', 1, 'user.png', '2018-12-27 10:08:00', '123456', '2019-01-03 19:13:42', '123456'),
(39, '1024', 'M. Taufiq Hidayat', '5787be38ee03a9ae5360f54d9026465f', 'muhammad.taufiq.hidayat@mail.com', 1, 'mahasiswa', 1, 'user.png', '2018-12-27 10:08:00', '123456', '2019-01-03 19:13:43', '123456'),
(40, '1018', 'Julius Pratama. T', '5787be38ee03a9ae5360f54d9026465f', 'julius.pratama..t@mail.com', 1, 'mahasiswa', 1, 'user.png', '2018-12-27 10:08:00', '123456', '2019-01-03 19:25:49', '123456'),
(41, '', '1', 'b0baee9d279d34fa1dfd71aadb908c3f', '1@1.1', 1, 'mahasiswa', 0, 'user.png', '2019-08-23 09:00:07', '', '2019-08-23 09:00:07', NULL);

--
-- Indexes for dumped tables
--

--
-- Indexes for table `tbl_admin_kelas`
--
ALTER TABLE `tbl_admin_kelas`
  ADD PRIMARY KEY (`kelas_id`);

--
-- Indexes for table `tbl_admin_kelas_users`
--
ALTER TABLE `tbl_admin_kelas_users`
  ADD PRIMARY KEY (`kelas_users_id`),
  ADD KEY `FK_user_id_kelas_users` (`user_id`),
  ADD KEY `FK_kelas_id_kelas_users` (`kelas_id`);

--
-- Indexes for table `tbl_admin_materi`
--
ALTER TABLE `tbl_admin_materi`
  ADD PRIMARY KEY (`materi_id`),
  ADD KEY `FK_kelas_id_materi` (`kelas_id`);

--
-- Indexes for table `tbl_admin_nilai`
--
ALTER TABLE `tbl_admin_nilai`
  ADD PRIMARY KEY (`nilai_id`),
  ADD KEY `FK_kelas_users_id_nilai` (`kelas_users_id`);

--
-- Indexes for table `tbl_admin_nilai_pretest`
--
ALTER TABLE `tbl_admin_nilai_pretest`
  ADD PRIMARY KEY (`nilaipretest_id`),
  ADD KEY `FK_kelas_users_id_nilai` (`kelas_users_id`);

--
-- Indexes for table `tbl_admin_nilai_uas`
--
ALTER TABLE `tbl_admin_nilai_uas`
  ADD PRIMARY KEY (`uas_id`),
  ADD KEY `FK_kelas_users_id_nilai` (`kelas_users_id`);

--
-- Indexes for table `tbl_admin_nilai_uts`
--
ALTER TABLE `tbl_admin_nilai_uts`
  ADD PRIMARY KEY (`uts_id`),
  ADD KEY `FK_kelas_users_id_nilai` (`kelas_users_id`);

--
-- Indexes for table `tbl_admin_tugas`
--
ALTER TABLE `tbl_admin_tugas`
  ADD PRIMARY KEY (`tugas_id`),
  ADD KEY `FK_kelas_id_tugas` (`kelas_id`);

--
-- Indexes for table `tbl_group`
--
ALTER TABLE `tbl_group`
  ADD PRIMARY KEY (`group_id`),
  ADD KEY `FK_kelas_id_group` (`kelas_id`);

--
-- Indexes for table `tbl_mahasiswa_nilai`
--
ALTER TABLE `tbl_mahasiswa_nilai`
  ADD PRIMARY KEY (`m_nilai_id`),
  ADD KEY `FK_user_id_nilai` (`user_id`),
  ADD KEY `FK_kelas_id_nilai` (`kelas_id`);

--
-- Indexes for table `tbl_pretest`
--
ALTER TABLE `tbl_pretest`
  ADD PRIMARY KEY (`pretest_id`),
  ADD KEY `FK_kelas_id_pretest` (`kelas_id`);

--
-- Indexes for table `tbl_soal`
--
ALTER TABLE `tbl_soal`
  ADD PRIMARY KEY (`id_soal`),
  ADD KEY `FK_pretest_id_soal` (`pretest_id`);

--
-- Indexes for table `tbl_users`
--
ALTER TABLE `tbl_users`
  ADD PRIMARY KEY (`user_id`),
  ADD UNIQUE KEY `user_nim` (`user_nim`);

--
-- AUTO_INCREMENT for dumped tables
--

--
-- AUTO_INCREMENT for table `tbl_admin_kelas`
--
ALTER TABLE `tbl_admin_kelas`
  MODIFY `kelas_id` int(10) NOT NULL AUTO_INCREMENT, AUTO_INCREMENT=2;

--
-- AUTO_INCREMENT for table `tbl_admin_kelas_users`
--
ALTER TABLE `tbl_admin_kelas_users`
  MODIFY `kelas_users_id` int(10) NOT NULL AUTO_INCREMENT, AUTO_INCREMENT=41;

--
-- AUTO_INCREMENT for table `tbl_admin_materi`
--
ALTER TABLE `tbl_admin_materi`
  MODIFY `materi_id` int(10) NOT NULL AUTO_INCREMENT, AUTO_INCREMENT=7;

--
-- AUTO_INCREMENT for table `tbl_admin_nilai`
--
ALTER TABLE `tbl_admin_nilai`
  MODIFY `nilai_id` int(10) NOT NULL AUTO_INCREMENT, AUTO_INCREMENT=161;

--
-- AUTO_INCREMENT for table `tbl_admin_nilai_pretest`
--
ALTER TABLE `tbl_admin_nilai_pretest`
  MODIFY `nilaipretest_id` int(10) NOT NULL AUTO_INCREMENT, AUTO_INCREMENT=161;

--
-- AUTO_INCREMENT for table `tbl_admin_nilai_uas`
--
ALTER TABLE `tbl_admin_nilai_uas`
  MODIFY `uas_id` int(10) NOT NULL AUTO_INCREMENT, AUTO_INCREMENT=41;

--
-- AUTO_INCREMENT for table `tbl_admin_nilai_uts`
--
ALTER TABLE `tbl_admin_nilai_uts`
  MODIFY `uts_id` int(10) NOT NULL AUTO_INCREMENT, AUTO_INCREMENT=41;

--
-- AUTO_INCREMENT for table `tbl_admin_tugas`
--
ALTER TABLE `tbl_admin_tugas`
  MODIFY `tugas_id` int(10) NOT NULL AUTO_INCREMENT, AUTO_INCREMENT=7;

--
-- AUTO_INCREMENT for table `tbl_group`
--
ALTER TABLE `tbl_group`
  MODIFY `group_id` int(11) NOT NULL AUTO_INCREMENT, AUTO_INCREMENT=2;

--
-- AUTO_INCREMENT for table `tbl_mahasiswa_nilai`
--
ALTER TABLE `tbl_mahasiswa_nilai`
  MODIFY `m_nilai_id` int(10) NOT NULL AUTO_INCREMENT, AUTO_INCREMENT=41;

--
-- AUTO_INCREMENT for table `tbl_pretest`
--
ALTER TABLE `tbl_pretest`
  MODIFY `pretest_id` int(3) NOT NULL AUTO_INCREMENT, AUTO_INCREMENT=14;

--
-- AUTO_INCREMENT for table `tbl_soal`
--
ALTER TABLE `tbl_soal`
  MODIFY `id_soal` int(5) NOT NULL AUTO_INCREMENT, AUTO_INCREMENT=87;

--
-- AUTO_INCREMENT for table `tbl_users`
--
ALTER TABLE `tbl_users`
  MODIFY `user_id` int(10) NOT NULL AUTO_INCREMENT, AUTO_INCREMENT=42;

--
-- Constraints for dumped tables
--

--
-- Constraints for table `tbl_admin_kelas_users`
--
ALTER TABLE `tbl_admin_kelas_users`
  ADD CONSTRAINT `FK_kelas_id_kelas_users` FOREIGN KEY (`kelas_id`) REFERENCES `tbl_admin_kelas` (`kelas_id`) ON DELETE CASCADE ON UPDATE CASCADE,
  ADD CONSTRAINT `FK_user_id_kelas_users` FOREIGN KEY (`user_id`) REFERENCES `tbl_users` (`user_id`) ON DELETE CASCADE ON UPDATE CASCADE;

--
-- Constraints for table `tbl_admin_materi`
--
ALTER TABLE `tbl_admin_materi`
  ADD CONSTRAINT `FK_kelas_id_materi` FOREIGN KEY (`kelas_id`) REFERENCES `tbl_admin_kelas` (`kelas_id`) ON DELETE CASCADE ON UPDATE CASCADE;

--
-- Constraints for table `tbl_admin_nilai`
--
ALTER TABLE `tbl_admin_nilai`
  ADD CONSTRAINT `FK_kelas_users_id_nilai` FOREIGN KEY (`kelas_users_id`) REFERENCES `tbl_admin_kelas_users` (`kelas_users_id`) ON DELETE CASCADE ON UPDATE CASCADE;

--
-- Constraints for table `tbl_admin_nilai_pretest`
--
ALTER TABLE `tbl_admin_nilai_pretest`
  ADD CONSTRAINT `FK_kelas_users_id_nilai_pretest` FOREIGN KEY (`kelas_users_id`) REFERENCES `tbl_admin_kelas_users` (`kelas_users_id`) ON DELETE CASCADE ON UPDATE CASCADE;

--
-- Constraints for table `tbl_admin_nilai_uas`
--
ALTER TABLE `tbl_admin_nilai_uas`
  ADD CONSTRAINT `FK_kelas_users_id_uas` FOREIGN KEY (`kelas_users_id`) REFERENCES `tbl_admin_kelas_users` (`kelas_users_id`) ON DELETE CASCADE ON UPDATE CASCADE;

--
-- Constraints for table `tbl_admin_nilai_uts`
--
ALTER TABLE `tbl_admin_nilai_uts`
  ADD CONSTRAINT `FK_kelas_users_id_uts` FOREIGN KEY (`kelas_users_id`) REFERENCES `tbl_admin_kelas_users` (`kelas_users_id`) ON DELETE CASCADE ON UPDATE CASCADE;

--
-- Constraints for table `tbl_admin_tugas`
--
ALTER TABLE `tbl_admin_tugas`
  ADD CONSTRAINT `FK_kelas_id_tugas` FOREIGN KEY (`kelas_id`) REFERENCES `tbl_admin_kelas` (`kelas_id`) ON DELETE CASCADE ON UPDATE CASCADE;

--
-- Constraints for table `tbl_group`
--
ALTER TABLE `tbl_group`
  ADD CONSTRAINT `FK_kelas_id_group` FOREIGN KEY (`kelas_id`) REFERENCES `tbl_admin_kelas` (`kelas_id`) ON DELETE CASCADE ON UPDATE CASCADE;

--
-- Constraints for table `tbl_mahasiswa_nilai`
--
ALTER TABLE `tbl_mahasiswa_nilai`
  ADD CONSTRAINT `FK_kelas_id_nilai` FOREIGN KEY (`kelas_id`) REFERENCES `tbl_admin_kelas` (`kelas_id`) ON DELETE CASCADE ON UPDATE CASCADE,
  ADD CONSTRAINT `FK_user_id_nilai` FOREIGN KEY (`user_id`) REFERENCES `tbl_users` (`user_id`) ON DELETE CASCADE ON UPDATE CASCADE;

--
-- Constraints for table `tbl_pretest`
--
ALTER TABLE `tbl_pretest`
  ADD CONSTRAINT `FK_kelas_id_pretest` FOREIGN KEY (`kelas_id`) REFERENCES `tbl_admin_kelas` (`kelas_id`) ON DELETE CASCADE ON UPDATE CASCADE;

--
-- Constraints for table `tbl_soal`
--
ALTER TABLE `tbl_soal`
  ADD CONSTRAINT `FK_pretest_id_soal` FOREIGN KEY (`pretest_id`) REFERENCES `tbl_pretest` (`pretest_id`) ON DELETE CASCADE ON UPDATE CASCADE;
COMMIT;

/*!40101 SET CHARACTER_SET_CLIENT=@OLD_CHARACTER_SET_CLIENT */;
/*!40101 SET CHARACTER_SET_RESULTS=@OLD_CHARACTER_SET_RESULTS */;
/*!40101 SET COLLATION_CONNECTION=@OLD_COLLATION_CONNECTION */;
